USE SCHEMA TPC_DI_RAW_DATA.MOCK_SOURCES;
CREATE OR REPLACE TABLE EQPMNT_AAR_BASE (
  AAR_ADD_TMS VARCHAR(500),
  AAR_CAR_CD VARCHAR(500),
  AAR_CAR_CODE_ID VARCHAR(500),
  AAR_UPDATE_TMS VARCHAR(500),
  ALTRNT_CAR_CD VARCHAR(500),
  ALTRNT_CAR_CD_ID VARCHAR(500),
  AXLE_QTY VARCHAR(500),
  BLDR_CD VARCHAR(500),
  BLDR_LOT_TXT VARCHAR(500),
  BUILT_DT VARCHAR(500),
  CMRCL_LESSEE_CIF_TXT VARCHAR(500),
  CMRCL_OWNER_CIF_TXT VARCHAR(500),
  CNFLCT_STATUS_CD VARCHAR(500),
  CREATE_DATA_SOURCE_CD VARCHAR(500),
  CREATE_USER_ID VARCHAR(500),
  CRNT_CNFLCT_STATUS_DT VARCHAR(500),
  DELETE_REASON_CD VARCHAR(500),
  DLTD_TMS VARCHAR(500),
  DMTR_UOM_BASIS_CD VARCHAR(500),
  ECP_BRAKE_BLDR_CD VARCHAR(500),
  ECP_BRAKE_TYPE_CD VARCHAR(500),
  EDW_CREATE_TMS VARCHAR(500),
  EDW_CREATE_USER VARCHAR(500),
  EDW_UPDATE_TMS VARCHAR(500),
  EDW_UPDATE_USER VARCHAR(500),
  EFCTV_TMS VARCHAR(500),
  EIN_DPLCTN_CD VARCHAR(500),
  EIN_NBR VARCHAR(500),
  EQPMNT_ADD_RPRTR_CMPNY_MARK_CD VARCHAR(500),
  EQPMNT_DSGNTN_CD VARCHAR(500),
  EQPMNT_GROUP_CD VARCHAR(500),
  EQPMNT_ID VARCHAR(500),
  EQPMNT_MNGMNT_CODE_ASCTN_ID VARCHAR(500),
  EQPMNT_POOL_ID VARCHAR(500),
  EQPUN_NBR VARCHAR(500),
  EXPIRY_TMS VARCHAR(500),
  FIRST_MVMNT_TMS VARCHAR(500),
  GROSS_WEIGHT_QTY VARCHAR(500),
  GROSS_WEIGHT_UOM_BASIS_CD VARCHAR(500),
  LINEAL_FRCTNL_UOM_BASIS_CD VARCHAR(500),
  LINEAL_UOM_BASIS_CD VARCHAR(500),
  LIQUID_UOM_BASIS_CD VARCHAR(500),
  MARK_CD VARCHAR(500),
  MASTER_EQPMNT_ID VARCHAR(500),
  MCHNCL_DSGNTN_CD VARCHAR(500),
  MNFCTR_CNTRY_CD VARCHAR(500),
  NEXT_CNFLCT_STATUS_CD VARCHAR(500),
  NEXT_CNFLCT_STATUS_DT VARCHAR(500),
  NOTICE_MGMNT_INDCTR_CD VARCHAR(500),
  OPRTNG_BRAKE_QTY VARCHAR(500),
  OTSD_EXTRM_HEIGHT_QTY VARCHAR(500),
  OTSD_EXTRM_WIDTH_QTY VARCHAR(500),
  OTSD_HEIGHT_EXTRM_WIDTH_QTY VARCHAR(500),
  OTSD_LENGTH_QTY VARCHAR(500),
  OWNER_MARK_CD VARCHAR(500),
  PLATE_CLRNC_CD VARCHAR(500),
  PRIOR_EQPUN_NBR VARCHAR(500),
  PRIOR_MARK_CD VARCHAR(500),
  RATE_CD VARCHAR(500),
  RBLT_CD VARCHAR(500),
  RBLT_DT VARCHAR(500),
  RECORD_CREATE_TMS VARCHAR(500),
  RECORD_UPDATE_TMS VARCHAR(500),
  RGSTRN_REASON_CD VARCHAR(500),
  RSTNCL_PRGRM_CD VARCHAR(500),
  SOURCE_CREATE_PARTY_RLTNSH_ID VARCHAR(500),
  SOURCE_CREATE_USER_ID VARCHAR(500),
  SOURCE_UPDATE_PARTY_RLTNSH_ID VARCHAR(500),
  SOURCE_UPDATE_USER_ID VARCHAR(500),
  SPEED_UOM_BASIS_CD VARCHAR(500),
  SRVC_LIFE_CD VARCHAR(500),
  STATUS_CD VARCHAR(500),
  STATUS_CHANGE_REASON_CD VARCHAR(500),
  STATUS_CHANGE_TMS VARCHAR(500),
  STNCL_MARK_OWNER_CLASS_CD VARCHAR(500),
  TARE_WEIGHT_QTY VARCHAR(500),
  TRUCK_CENTER_LENGTH_QTY VARCHAR(500),
  TRUCK_QTY VARCHAR(500),
  UPDATE_DATA_SOURCE_CD VARCHAR(500),
  UPDATE_USER_ID VARCHAR(500),
  VOLUME_UOM_BASIS_CD VARCHAR(500),
  WEIGHT_UOM_BASIS_CD VARCHAR(500),
  WHEEL_BRNG_CD VARCHAR(500)
);
INSERT INTO EQPMNT_AAR_BASE (AAR_ADD_TMS, AAR_CAR_CD, AAR_CAR_CODE_ID, AAR_UPDATE_TMS, ALTRNT_CAR_CD, ALTRNT_CAR_CD_ID, AXLE_QTY, BLDR_CD, BLDR_LOT_TXT, BUILT_DT, CMRCL_LESSEE_CIF_TXT, CMRCL_OWNER_CIF_TXT, CNFLCT_STATUS_CD, CREATE_DATA_SOURCE_CD, CREATE_USER_ID, CRNT_CNFLCT_STATUS_DT, DELETE_REASON_CD, DLTD_TMS, DMTR_UOM_BASIS_CD, ECP_BRAKE_BLDR_CD, ECP_BRAKE_TYPE_CD, EDW_CREATE_TMS, EDW_CREATE_USER, EDW_UPDATE_TMS, EDW_UPDATE_USER, EFCTV_TMS, EIN_DPLCTN_CD, EIN_NBR, EQPMNT_ADD_RPRTR_CMPNY_MARK_CD, EQPMNT_DSGNTN_CD, EQPMNT_GROUP_CD, EQPMNT_ID, EQPMNT_MNGMNT_CODE_ASCTN_ID, EQPMNT_POOL_ID, EQPUN_NBR, EXPIRY_TMS, FIRST_MVMNT_TMS, GROSS_WEIGHT_QTY, GROSS_WEIGHT_UOM_BASIS_CD, LINEAL_FRCTNL_UOM_BASIS_CD, LINEAL_UOM_BASIS_CD, LIQUID_UOM_BASIS_CD, MARK_CD, MASTER_EQPMNT_ID, MCHNCL_DSGNTN_CD, MNFCTR_CNTRY_CD, NEXT_CNFLCT_STATUS_CD, NEXT_CNFLCT_STATUS_DT, NOTICE_MGMNT_INDCTR_CD, OPRTNG_BRAKE_QTY, OTSD_EXTRM_HEIGHT_QTY, OTSD_EXTRM_WIDTH_QTY, OTSD_HEIGHT_EXTRM_WIDTH_QTY, OTSD_LENGTH_QTY, OWNER_MARK_CD, PLATE_CLRNC_CD, PRIOR_EQPUN_NBR, PRIOR_MARK_CD, RATE_CD, RBLT_CD, RBLT_DT, RECORD_CREATE_TMS, RECORD_UPDATE_TMS, RGSTRN_REASON_CD, RSTNCL_PRGRM_CD, SOURCE_CREATE_PARTY_RLTNSH_ID, SOURCE_CREATE_USER_ID, SOURCE_UPDATE_PARTY_RLTNSH_ID, SOURCE_UPDATE_USER_ID, SPEED_UOM_BASIS_CD, SRVC_LIFE_CD, STATUS_CD, STATUS_CHANGE_REASON_CD, STATUS_CHANGE_TMS, STNCL_MARK_OWNER_CLASS_CD, TARE_WEIGHT_QTY, TRUCK_CENTER_LENGTH_QTY, TRUCK_QTY, UPDATE_DATA_SOURCE_CD, UPDATE_USER_ID, VOLUME_UOM_BASIS_CD, WEIGHT_UOM_BASIS_CD, WHEEL_BRNG_CD) VALUES ('2024-01-01', 'TEST_1', '1000', '2024-01-01', 'TEST_1', '1000', '100.00', 'TEST_1', 'TEST_1', '2024-01-01', 'TEST_1', 'TEST_1', 'TEST_1', 'TEST_1', '1000', '2024-01-01', 'TEST_1', '2024-01-01', 'TEST_1', 'TEST_1', 'TEST_1', '2024-01-01', 'TEST_1', '2024-01-01', '2024-01-01', '2024-01-01', 'TEST_1', '1000', 'TEST_1', 'TEST_1', 'TEST_1', '1000', '1000', '1000', '1000', '2024-01-01', '2024-01-01', '100.00', '100.00', 'TEST_1', 'TEST_1', 'TEST_1', 'TEST_1', '1000', 'TEST_1', 'TEST_1', 'TEST_1', '2024-01-01', 'TEST_1', '100.00', '100.00', '100.00', '100.00', '100.00', 'TEST_1', 'TEST_1', '1000', 'TEST_1', 'TEST_1', 'TEST_1', '2024-01-01', '2024-01-01', '2024-01-01', 'TEST_1', 'TEST_1', '1000', '1000', '2024-01-01', '2024-01-01', 'TEST_1', 'TEST_1', 'TEST_1', 'TEST_1', '2024-01-01', 'TEST_1', '100.00', '100.00', '100.00', '2024-01-01', '2024-01-01', 'TEST_1', '100.00', 'TEST_1');
INSERT INTO EQPMNT_AAR_BASE (AAR_ADD_TMS, AAR_CAR_CD, AAR_CAR_CODE_ID, AAR_UPDATE_TMS, ALTRNT_CAR_CD, ALTRNT_CAR_CD_ID, AXLE_QTY, BLDR_CD, BLDR_LOT_TXT, BUILT_DT, CMRCL_LESSEE_CIF_TXT, CMRCL_OWNER_CIF_TXT, CNFLCT_STATUS_CD, CREATE_DATA_SOURCE_CD, CREATE_USER_ID, CRNT_CNFLCT_STATUS_DT, DELETE_REASON_CD, DLTD_TMS, DMTR_UOM_BASIS_CD, ECP_BRAKE_BLDR_CD, ECP_BRAKE_TYPE_CD, EDW_CREATE_TMS, EDW_CREATE_USER, EDW_UPDATE_TMS, EDW_UPDATE_USER, EFCTV_TMS, EIN_DPLCTN_CD, EIN_NBR, EQPMNT_ADD_RPRTR_CMPNY_MARK_CD, EQPMNT_DSGNTN_CD, EQPMNT_GROUP_CD, EQPMNT_ID, EQPMNT_MNGMNT_CODE_ASCTN_ID, EQPMNT_POOL_ID, EQPUN_NBR, EXPIRY_TMS, FIRST_MVMNT_TMS, GROSS_WEIGHT_QTY, GROSS_WEIGHT_UOM_BASIS_CD, LINEAL_FRCTNL_UOM_BASIS_CD, LINEAL_UOM_BASIS_CD, LIQUID_UOM_BASIS_CD, MARK_CD, MASTER_EQPMNT_ID, MCHNCL_DSGNTN_CD, MNFCTR_CNTRY_CD, NEXT_CNFLCT_STATUS_CD, NEXT_CNFLCT_STATUS_DT, NOTICE_MGMNT_INDCTR_CD, OPRTNG_BRAKE_QTY, OTSD_EXTRM_HEIGHT_QTY, OTSD_EXTRM_WIDTH_QTY, OTSD_HEIGHT_EXTRM_WIDTH_QTY, OTSD_LENGTH_QTY, OWNER_MARK_CD, PLATE_CLRNC_CD, PRIOR_EQPUN_NBR, PRIOR_MARK_CD, RATE_CD, RBLT_CD, RBLT_DT, RECORD_CREATE_TMS, RECORD_UPDATE_TMS, RGSTRN_REASON_CD, RSTNCL_PRGRM_CD, SOURCE_CREATE_PARTY_RLTNSH_ID, SOURCE_CREATE_USER_ID, SOURCE_UPDATE_PARTY_RLTNSH_ID, SOURCE_UPDATE_USER_ID, SPEED_UOM_BASIS_CD, SRVC_LIFE_CD, STATUS_CD, STATUS_CHANGE_REASON_CD, STATUS_CHANGE_TMS, STNCL_MARK_OWNER_CLASS_CD, TARE_WEIGHT_QTY, TRUCK_CENTER_LENGTH_QTY, TRUCK_QTY, UPDATE_DATA_SOURCE_CD, UPDATE_USER_ID, VOLUME_UOM_BASIS_CD, WEIGHT_UOM_BASIS_CD, WHEEL_BRNG_CD) VALUES ('2024-01-02', 'TEST_2', '2000', '2024-01-02', 'TEST_2', '2000', '200.00', 'TEST_2', 'TEST_2', '2024-01-02', 'TEST_2', 'TEST_2', 'TEST_2', 'TEST_2', '2000', '2024-01-02', 'TEST_2', '2024-01-02', 'TEST_2', 'TEST_2', 'TEST_2', '2024-01-02', 'TEST_2', '2024-01-02', '2024-01-02', '2024-01-02', 'TEST_2', '2000', 'TEST_2', 'TEST_2', 'TEST_2', '2000', '2000', '2000', '2000', '2024-01-02', '2024-01-02', '200.00', '200.00', 'TEST_2', 'TEST_2', 'TEST_2', 'TEST_2', '2000', 'TEST_2', 'TEST_2', 'TEST_2', '2024-01-02', 'TEST_2', '200.00', '200.00', '200.00', '200.00', '200.00', 'TEST_2', 'TEST_2', '2000', 'TEST_2', 'TEST_2', 'TEST_2', '2024-01-02', '2024-01-02', '2024-01-02', 'TEST_2', 'TEST_2', '2000', '2000', '2024-01-02', '2024-01-02', 'TEST_2', 'TEST_2', 'TEST_2', 'TEST_2', '2024-01-02', 'TEST_2', '200.00', '200.00', '200.00', '2024-01-02', '2024-01-02', 'TEST_2', '200.00', 'TEST_2');
INSERT INTO EQPMNT_AAR_BASE (AAR_ADD_TMS, AAR_CAR_CD, AAR_CAR_CODE_ID, AAR_UPDATE_TMS, ALTRNT_CAR_CD, ALTRNT_CAR_CD_ID, AXLE_QTY, BLDR_CD, BLDR_LOT_TXT, BUILT_DT, CMRCL_LESSEE_CIF_TXT, CMRCL_OWNER_CIF_TXT, CNFLCT_STATUS_CD, CREATE_DATA_SOURCE_CD, CREATE_USER_ID, CRNT_CNFLCT_STATUS_DT, DELETE_REASON_CD, DLTD_TMS, DMTR_UOM_BASIS_CD, ECP_BRAKE_BLDR_CD, ECP_BRAKE_TYPE_CD, EDW_CREATE_TMS, EDW_CREATE_USER, EDW_UPDATE_TMS, EDW_UPDATE_USER, EFCTV_TMS, EIN_DPLCTN_CD, EIN_NBR, EQPMNT_ADD_RPRTR_CMPNY_MARK_CD, EQPMNT_DSGNTN_CD, EQPMNT_GROUP_CD, EQPMNT_ID, EQPMNT_MNGMNT_CODE_ASCTN_ID, EQPMNT_POOL_ID, EQPUN_NBR, EXPIRY_TMS, FIRST_MVMNT_TMS, GROSS_WEIGHT_QTY, GROSS_WEIGHT_UOM_BASIS_CD, LINEAL_FRCTNL_UOM_BASIS_CD, LINEAL_UOM_BASIS_CD, LIQUID_UOM_BASIS_CD, MARK_CD, MASTER_EQPMNT_ID, MCHNCL_DSGNTN_CD, MNFCTR_CNTRY_CD, NEXT_CNFLCT_STATUS_CD, NEXT_CNFLCT_STATUS_DT, NOTICE_MGMNT_INDCTR_CD, OPRTNG_BRAKE_QTY, OTSD_EXTRM_HEIGHT_QTY, OTSD_EXTRM_WIDTH_QTY, OTSD_HEIGHT_EXTRM_WIDTH_QTY, OTSD_LENGTH_QTY, OWNER_MARK_CD, PLATE_CLRNC_CD, PRIOR_EQPUN_NBR, PRIOR_MARK_CD, RATE_CD, RBLT_CD, RBLT_DT, RECORD_CREATE_TMS, RECORD_UPDATE_TMS, RGSTRN_REASON_CD, RSTNCL_PRGRM_CD, SOURCE_CREATE_PARTY_RLTNSH_ID, SOURCE_CREATE_USER_ID, SOURCE_UPDATE_PARTY_RLTNSH_ID, SOURCE_UPDATE_USER_ID, SPEED_UOM_BASIS_CD, SRVC_LIFE_CD, STATUS_CD, STATUS_CHANGE_REASON_CD, STATUS_CHANGE_TMS, STNCL_MARK_OWNER_CLASS_CD, TARE_WEIGHT_QTY, TRUCK_CENTER_LENGTH_QTY, TRUCK_QTY, UPDATE_DATA_SOURCE_CD, UPDATE_USER_ID, VOLUME_UOM_BASIS_CD, WEIGHT_UOM_BASIS_CD, WHEEL_BRNG_CD) VALUES ('2024-01-03', 'TEST_3', '3000', '2024-01-03', 'TEST_3', '3000', '300.00', 'TEST_3', 'TEST_3', '2024-01-03', 'TEST_3', 'TEST_3', 'TEST_3', 'TEST_3', '3000', '2024-01-03', 'TEST_3', '2024-01-03', 'TEST_3', 'TEST_3', 'TEST_3', '2024-01-03', 'TEST_3', '2024-01-03', '2024-01-03', '2024-01-03', 'TEST_3', '3000', 'TEST_3', 'TEST_3', 'TEST_3', '3000', '3000', '3000', '3000', '2024-01-03', '2024-01-03', '300.00', '300.00', 'TEST_3', 'TEST_3', 'TEST_3', 'TEST_3', '3000', 'TEST_3', 'TEST_3', 'TEST_3', '2024-01-03', 'TEST_3', '300.00', '300.00', '300.00', '300.00', '300.00', 'TEST_3', 'TEST_3', '3000', 'TEST_3', 'TEST_3', 'TEST_3', '2024-01-03', '2024-01-03', '2024-01-03', 'TEST_3', 'TEST_3', '3000', '3000', '2024-01-03', '2024-01-03', 'TEST_3', 'TEST_3', 'TEST_3', 'TEST_3', '2024-01-03', 'TEST_3', '300.00', '300.00', '300.00', '2024-01-03', '2024-01-03', 'TEST_3', '300.00', 'TEST_3');

CREATE OR REPLACE TABLE EQPMNT_NON_RGSTRD (
  EQPUN_NBR VARCHAR(500),
  MARK_CD VARCHAR(500),
  RECORD_CREATE_TMS VARCHAR(500)
);
INSERT INTO EQPMNT_NON_RGSTRD (EQPUN_NBR, MARK_CD, RECORD_CREATE_TMS) VALUES ('1000', 'TEST_1', '2024-01-01');
INSERT INTO EQPMNT_NON_RGSTRD (EQPUN_NBR, MARK_CD, RECORD_CREATE_TMS) VALUES ('2000', 'TEST_2', '2024-01-02');
INSERT INTO EQPMNT_NON_RGSTRD (EQPUN_NBR, MARK_CD, RECORD_CREATE_TMS) VALUES ('3000', 'TEST_3', '2024-01-03');

CREATE OR REPLACE TABLE EQPMV_FLEET (
  FLEET_ID VARCHAR(500),
  FLEET_NM VARCHAR(500)
);
INSERT INTO EQPMV_FLEET (FLEET_ID, FLEET_NM) VALUES ('1000', 'TEST_1');
INSERT INTO EQPMV_FLEET (FLEET_ID, FLEET_NM) VALUES ('2000', 'TEST_2');
INSERT INTO EQPMV_FLEET (FLEET_ID, FLEET_NM) VALUES ('3000', 'TEST_3');

CREATE OR REPLACE TABLE EQPMV_FLEET_EQPMT_CTGRY (
  FLEET_ID VARCHAR(500),
  TARGET_EQPMT_CTGRY_ID VARCHAR(500)
);
INSERT INTO EQPMV_FLEET_EQPMT_CTGRY (FLEET_ID, TARGET_EQPMT_CTGRY_ID) VALUES ('1000', '1000');
INSERT INTO EQPMV_FLEET_EQPMT_CTGRY (FLEET_ID, TARGET_EQPMT_CTGRY_ID) VALUES ('2000', '2000');
INSERT INTO EQPMV_FLEET_EQPMT_CTGRY (FLEET_ID, TARGET_EQPMT_CTGRY_ID) VALUES ('3000', '3000');

CREATE OR REPLACE TABLE EQPMV_FLEET_POOL (
  EQPMNT_POOL_ID VARCHAR(500),
  FLEET_ID VARCHAR(500),
  FLEET_SBGRP_ID VARCHAR(500)
);
INSERT INTO EQPMV_FLEET_POOL (EQPMNT_POOL_ID, FLEET_ID, FLEET_SBGRP_ID) VALUES ('1000', '1000', '1000');
INSERT INTO EQPMV_FLEET_POOL (EQPMNT_POOL_ID, FLEET_ID, FLEET_SBGRP_ID) VALUES ('2000', '2000', '2000');
INSERT INTO EQPMV_FLEET_POOL (EQPMNT_POOL_ID, FLEET_ID, FLEET_SBGRP_ID) VALUES ('3000', '3000', '3000');

CREATE OR REPLACE TABLE EQPMV_FLEET_SBGRP (
  FLEET_SBGRP_CTGRY_ID VARCHAR(500),
  FLEET_SBGRP_ID VARCHAR(500)
);
INSERT INTO EQPMV_FLEET_SBGRP (FLEET_SBGRP_CTGRY_ID, FLEET_SBGRP_ID) VALUES ('1000', '1000');
INSERT INTO EQPMV_FLEET_SBGRP (FLEET_SBGRP_CTGRY_ID, FLEET_SBGRP_ID) VALUES ('2000', '2000');
INSERT INTO EQPMV_FLEET_SBGRP (FLEET_SBGRP_CTGRY_ID, FLEET_SBGRP_ID) VALUES ('3000', '3000');

CREATE OR REPLACE TABLE EQPMV_FLEET_SBGRP_CTGRY (
  FLEET_SBGRP_CTGRY_ID VARCHAR(500),
  FLEET_SBGRP_CTGRY_NM VARCHAR(500),
  PARTY_NM VARCHAR(500)
);
INSERT INTO EQPMV_FLEET_SBGRP_CTGRY (FLEET_SBGRP_CTGRY_ID, FLEET_SBGRP_CTGRY_NM, PARTY_NM) VALUES ('1000', 'TEST_1', 'TEST_1');
INSERT INTO EQPMV_FLEET_SBGRP_CTGRY (FLEET_SBGRP_CTGRY_ID, FLEET_SBGRP_CTGRY_NM, PARTY_NM) VALUES ('2000', 'TEST_2', 'TEST_2');
INSERT INTO EQPMV_FLEET_SBGRP_CTGRY (FLEET_SBGRP_CTGRY_ID, FLEET_SBGRP_CTGRY_NM, PARTY_NM) VALUES ('3000', 'TEST_3', 'TEST_3');

CREATE OR REPLACE TABLE EQPMV_TARGET_EQPMT_CTGRY (
  TARGET_EQPMT_CTGRY_ID VARCHAR(500),
  TARGET_EQPMT_CTGRY_NM VARCHAR(500),
  TARGET_PRDCT_ID VARCHAR(500)
);
INSERT INTO EQPMV_TARGET_EQPMT_CTGRY (TARGET_EQPMT_CTGRY_ID, TARGET_EQPMT_CTGRY_NM, TARGET_PRDCT_ID) VALUES ('1000', 'TEST_1', '1000');
INSERT INTO EQPMV_TARGET_EQPMT_CTGRY (TARGET_EQPMT_CTGRY_ID, TARGET_EQPMT_CTGRY_NM, TARGET_PRDCT_ID) VALUES ('2000', 'TEST_2', '2000');
INSERT INTO EQPMV_TARGET_EQPMT_CTGRY (TARGET_EQPMT_CTGRY_ID, TARGET_EQPMT_CTGRY_NM, TARGET_PRDCT_ID) VALUES ('3000', 'TEST_3', '3000');

CREATE OR REPLACE TABLE EQPMV_TARGET_PRDCT (
  PRDCT_NM VARCHAR(500),
  TARGET_PRDCT_ID VARCHAR(500)
);
INSERT INTO EQPMV_TARGET_PRDCT (PRDCT_NM, TARGET_PRDCT_ID) VALUES ('TEST_1', '1000');
INSERT INTO EQPMV_TARGET_PRDCT (PRDCT_NM, TARGET_PRDCT_ID) VALUES ('TEST_2', '2000');
INSERT INTO EQPMV_TARGET_PRDCT (PRDCT_NM, TARGET_PRDCT_ID) VALUES ('TEST_3', '3000');

CREATE OR REPLACE TABLE FF_BL_ZJ_JOURNALS_SRC (
  ACCOUNT_DESCRIPTION VARCHAR(500),
  ACCOUNT_NUMBER VARCHAR(500),
  AMOUNT VARCHAR(500),
  AMOUNT_ENTERED VARCHAR(500),
  ASSET_NUMBER VARCHAR(500),
  BATCH_DATE VARCHAR(500),
  BATCH_NUMBER VARCHAR(500),
  BATCH_STATUS VARCHAR(500),
  BATCH_TYPE VARCHAR(500),
  COMPANY VARCHAR(500),
  CURRENCY VARCHAR(500),
  DATE_UPDATED VARCHAR(500),
  DOCUMENT_COMPANY VARCHAR(500),
  DOCUMENT_NUMBER VARCHAR(500),
  DOCUMENT_TYPE VARCHAR(500),
  EMAIL VARCHAR(500),
  EXPLANATION_ALPHA VARCHAR(500),
  EXPLANATION_REMARK VARCHAR(500),
  FILENAME VARCHAR(500),
  GLTORG_USER_ID VARCHAR(500),
  GLUSER_USER_ID VARCHAR(500),
  GL_DATE VARCHAR(500),
  JOURNAL_ENTRY_LINE_NUMBER VARCHAR(500),
  LEDGER_TYPE VARCHAR(500),
  LINE_EXTENSION_CODE VARCHAR(500),
  PURCHASE_ORDER VARCHAR(500),
  RECONCILED_CODE VARCHAR(500),
  SUBLEDGER VARCHAR(500),
  SUBLEDGER_TYPE VARCHAR(500),
  TIME_LAST_UPDATED VARCHAR(500)
);
INSERT INTO FF_BL_ZJ_JOURNALS_SRC (ACCOUNT_DESCRIPTION, ACCOUNT_NUMBER, AMOUNT, AMOUNT_ENTERED, ASSET_NUMBER, BATCH_DATE, BATCH_NUMBER, BATCH_STATUS, BATCH_TYPE, COMPANY, CURRENCY, DATE_UPDATED, DOCUMENT_COMPANY, DOCUMENT_NUMBER, DOCUMENT_TYPE, EMAIL, EXPLANATION_ALPHA, EXPLANATION_REMARK, FILENAME, GLTORG_USER_ID, GLUSER_USER_ID, GL_DATE, JOURNAL_ENTRY_LINE_NUMBER, LEDGER_TYPE, LINE_EXTENSION_CODE, PURCHASE_ORDER, RECONCILED_CODE, SUBLEDGER, SUBLEDGER_TYPE, TIME_LAST_UPDATED) VALUES ('TEST_1', '1000', '100.00', '100.00', '1000', '2024-01-01', '1000', 'TEST_1', 'TEST_1', 'TEST_1', 'TEST_1', '2024-01-01', 'TEST_1', '1000', 'TEST_1', 'TEST_1', 'TEST_1', 'TEST_1', 'TEST_1', '1000', '1000', '2024-01-01', '1000', 'TEST_1', 'TEST_1', 'TEST_1', 'TEST_1', 'TEST_1', 'TEST_1', '2024-01-01');
INSERT INTO FF_BL_ZJ_JOURNALS_SRC (ACCOUNT_DESCRIPTION, ACCOUNT_NUMBER, AMOUNT, AMOUNT_ENTERED, ASSET_NUMBER, BATCH_DATE, BATCH_NUMBER, BATCH_STATUS, BATCH_TYPE, COMPANY, CURRENCY, DATE_UPDATED, DOCUMENT_COMPANY, DOCUMENT_NUMBER, DOCUMENT_TYPE, EMAIL, EXPLANATION_ALPHA, EXPLANATION_REMARK, FILENAME, GLTORG_USER_ID, GLUSER_USER_ID, GL_DATE, JOURNAL_ENTRY_LINE_NUMBER, LEDGER_TYPE, LINE_EXTENSION_CODE, PURCHASE_ORDER, RECONCILED_CODE, SUBLEDGER, SUBLEDGER_TYPE, TIME_LAST_UPDATED) VALUES ('TEST_2', '2000', '200.00', '200.00', '2000', '2024-01-02', '2000', 'TEST_2', 'TEST_2', 'TEST_2', 'TEST_2', '2024-01-02', 'TEST_2', '2000', 'TEST_2', 'TEST_2', 'TEST_2', 'TEST_2', 'TEST_2', '2000', '2000', '2024-01-02', '2000', 'TEST_2', 'TEST_2', 'TEST_2', 'TEST_2', 'TEST_2', 'TEST_2', '2024-01-02');
INSERT INTO FF_BL_ZJ_JOURNALS_SRC (ACCOUNT_DESCRIPTION, ACCOUNT_NUMBER, AMOUNT, AMOUNT_ENTERED, ASSET_NUMBER, BATCH_DATE, BATCH_NUMBER, BATCH_STATUS, BATCH_TYPE, COMPANY, CURRENCY, DATE_UPDATED, DOCUMENT_COMPANY, DOCUMENT_NUMBER, DOCUMENT_TYPE, EMAIL, EXPLANATION_ALPHA, EXPLANATION_REMARK, FILENAME, GLTORG_USER_ID, GLUSER_USER_ID, GL_DATE, JOURNAL_ENTRY_LINE_NUMBER, LEDGER_TYPE, LINE_EXTENSION_CODE, PURCHASE_ORDER, RECONCILED_CODE, SUBLEDGER, SUBLEDGER_TYPE, TIME_LAST_UPDATED) VALUES ('TEST_3', '3000', '300.00', '300.00', '3000', '2024-01-03', '3000', 'TEST_3', 'TEST_3', 'TEST_3', 'TEST_3', '2024-01-03', 'TEST_3', '3000', 'TEST_3', 'TEST_3', 'TEST_3', 'TEST_3', 'TEST_3', '3000', '3000', '2024-01-03', '3000', 'TEST_3', 'TEST_3', 'TEST_3', 'TEST_3', 'TEST_3', 'TEST_3', '2024-01-03');

CREATE OR REPLACE TABLE F0011 (
  IC52PP VARCHAR(500),
  ICAICU VARCHAR(500),
  ICAIPT VARCHAR(500),
  ICAME VARCHAR(500),
  ICAUSR VARCHAR(500),
  ICBAL VARCHAR(500),
  ICBALJ VARCHAR(500),
  ICCBP VARCHAR(500),
  ICDICJ VARCHAR(500),
  ICDOCN VARCHAR(500),
  ICDRSP VARCHAR(500),
  ICIAPP VARCHAR(500),
  ICIBOI VARCHAR(500),
  ICICU VARCHAR(500),
  ICICUT VARCHAR(500),
  ICIST VARCHAR(500),
  ICJOBN VARCHAR(500),
  ICNDO VARCHAR(500),
  ICOFFP VARCHAR(500),
  ICPID VARCHAR(500),
  ICPOB VARCHAR(500),
  ICUPMJ VARCHAR(500),
  ICUPMT VARCHAR(500),
  ICUSER VARCHAR(500)
);
INSERT INTO F0011 (IC52PP, ICAICU, ICAIPT, ICAME, ICAUSR, ICBAL, ICBALJ, ICCBP, ICDICJ, ICDOCN, ICDRSP, ICIAPP, ICIBOI, ICICU, ICICUT, ICIST, ICJOBN, ICNDO, ICOFFP, ICPID, ICPOB, ICUPMJ, ICUPMT, ICUSER) VALUES ('TEST_1', 'TEST_1', 'TEST_1', 'TEST_1', 'TEST_1', 'TEST_1', 'TEST_1', 'TEST_1', 'TEST_1', 'TEST_1', 'TEST_1', 'TEST_1', 'TEST_1', 'TEST_1', 'TEST_1', 'TEST_1', 'TEST_1', 'TEST_1', 'TEST_1', 'TEST_1', 'TEST_1', '2024-01-01', 'TEST_1', 'TEST_1');
INSERT INTO F0011 (IC52PP, ICAICU, ICAIPT, ICAME, ICAUSR, ICBAL, ICBALJ, ICCBP, ICDICJ, ICDOCN, ICDRSP, ICIAPP, ICIBOI, ICICU, ICICUT, ICIST, ICJOBN, ICNDO, ICOFFP, ICPID, ICPOB, ICUPMJ, ICUPMT, ICUSER) VALUES ('TEST_2', 'TEST_2', 'TEST_2', 'TEST_2', 'TEST_2', 'TEST_2', 'TEST_2', 'TEST_2', 'TEST_2', 'TEST_2', 'TEST_2', 'TEST_2', 'TEST_2', 'TEST_2', 'TEST_2', 'TEST_2', 'TEST_2', 'TEST_2', 'TEST_2', 'TEST_2', 'TEST_2', '2024-01-02', 'TEST_2', 'TEST_2');
INSERT INTO F0011 (IC52PP, ICAICU, ICAIPT, ICAME, ICAUSR, ICBAL, ICBALJ, ICCBP, ICDICJ, ICDOCN, ICDRSP, ICIAPP, ICIBOI, ICICU, ICICUT, ICIST, ICJOBN, ICNDO, ICOFFP, ICPID, ICPOB, ICUPMJ, ICUPMT, ICUSER) VALUES ('TEST_3', 'TEST_3', 'TEST_3', 'TEST_3', 'TEST_3', 'TEST_3', 'TEST_3', 'TEST_3', 'TEST_3', 'TEST_3', 'TEST_3', 'TEST_3', 'TEST_3', 'TEST_3', 'TEST_3', 'TEST_3', 'TEST_3', 'TEST_3', 'TEST_3', 'TEST_3', 'TEST_3', '2024-01-03', 'TEST_3', 'TEST_3');

CREATE OR REPLACE TABLE F0092 (
  ULAN8 VARCHAR(500),
  ULUSER VARCHAR(500)
);
INSERT INTO F0092 (ULAN8, ULUSER) VALUES ('TEST_1', 'TEST_1');
INSERT INTO F0092 (ULAN8, ULUSER) VALUES ('TEST_2', 'TEST_2');
INSERT INTO F0092 (ULAN8, ULUSER) VALUES ('TEST_3', 'TEST_3');

CREATE OR REPLACE TABLE F01151 (
  CASE VARCHAR(500),
  EAAN8 VARCHAR(500),
  EAEMAL VARCHAR(500),
  EAETP VARCHAR(500),
  EAIDLN VARCHAR(500),
  ELSE VARCHAR(500),
  END VARCHAR(500),
  F0911_GLDCT VARCHAR(500),
  F0911_GLDOC VARCHAR(500),
  F0911_GLJELN VARCHAR(500),
  F0911_GLKCO VARCHAR(500),
  F0911_GLLT VARCHAR(500),
  OR VARCHAR(500),
  THEN VARCHAR(500),
  ULAN8 VARCHAR(500),
  ULUSER VARCHAR(500),
  WHEN VARCHAR(500)
);
INSERT INTO F01151 (CASE, EAAN8, EAEMAL, EAETP, EAIDLN, ELSE, END, F0911_GLDCT, F0911_GLDOC, F0911_GLJELN, F0911_GLKCO, F0911_GLLT, OR, THEN, ULAN8, ULUSER, WHEN) VALUES ('TEST_1', 'TEST_1', 'TEST_1', 'TEST_1', 'TEST_1', 'TEST_1', 'TEST_1', 'TEST_1', 'TEST_1', 'TEST_1', 'TEST_1', 'TEST_1', 'TEST_1', 'TEST_1', 'TEST_1', 'TEST_1', 'TEST_1');
INSERT INTO F01151 (CASE, EAAN8, EAEMAL, EAETP, EAIDLN, ELSE, END, F0911_GLDCT, F0911_GLDOC, F0911_GLJELN, F0911_GLKCO, F0911_GLLT, OR, THEN, ULAN8, ULUSER, WHEN) VALUES ('TEST_2', 'TEST_2', 'TEST_2', 'TEST_2', 'TEST_2', 'TEST_2', 'TEST_2', 'TEST_2', 'TEST_2', 'TEST_2', 'TEST_2', 'TEST_2', 'TEST_2', 'TEST_2', 'TEST_2', 'TEST_2', 'TEST_2');
INSERT INTO F01151 (CASE, EAAN8, EAEMAL, EAETP, EAIDLN, ELSE, END, F0911_GLDCT, F0911_GLDOC, F0911_GLJELN, F0911_GLKCO, F0911_GLLT, OR, THEN, ULAN8, ULUSER, WHEN) VALUES ('TEST_3', 'TEST_3', 'TEST_3', 'TEST_3', 'TEST_3', 'TEST_3', 'TEST_3', 'TEST_3', 'TEST_3', 'TEST_3', 'TEST_3', 'TEST_3', 'TEST_3', 'TEST_3', 'TEST_3', 'TEST_3', 'TEST_3');

CREATE OR REPLACE TABLE F0901 (
  GMADJENT VARCHAR(500),
  GMAID VARCHAR(500),
  GMANS VARCHAR(500),
  GMBILL VARCHAR(500),
  GMBPC VARCHAR(500),
  GMCCC VARCHAR(500),
  GMCCT VARCHAR(500),
  GMCEC1 VARCHAR(500),
  GMCEC2 VARCHAR(500),
  GMCEC3 VARCHAR(500),
  GMCEC4 VARCHAR(500),
  GMCO VARCHAR(500),
  GMCRCD VARCHAR(500),
  GMDL01 VARCHAR(500),
  GMERC VARCHAR(500),
  GMFMOD VARCHAR(500),
  GMFPEC VARCHAR(500),
  GMHTC VARCHAR(500),
  GMIEC VARCHAR(500),
  GMJOBN VARCHAR(500),
  GMLDA VARCHAR(500),
  GMMCU VARCHAR(500),
  GMOBJ VARCHAR(500),
  GMOBJA VARCHAR(500),
  GMPEC VARCHAR(500),
  GMPID VARCHAR(500),
  GMPRGF VARCHAR(500),
  GMQLDA VARCHAR(500),
  GMR001 VARCHAR(500),
  GMR002 VARCHAR(500),
  GMR003 VARCHAR(500),
  GMR004 VARCHAR(500),
  GMR005 VARCHAR(500),
  GMR006 VARCHAR(500),
  GMR007 VARCHAR(500),
  GMR008 VARCHAR(500),
  GMR009 VARCHAR(500),
  GMR010 VARCHAR(500),
  GMR011 VARCHAR(500),
  GMR012 VARCHAR(500),
  GMR013 VARCHAR(500),
  GMR014 VARCHAR(500),
  GMR015 VARCHAR(500),
  GMR016 VARCHAR(500),
  GMR017 VARCHAR(500),
  GMR018 VARCHAR(500),
  GMR019 VARCHAR(500),
  GMR020 VARCHAR(500),
  GMR021 VARCHAR(500),
  GMR022 VARCHAR(500),
  GMR023 VARCHAR(500),
  GMR024 VARCHAR(500),
  GMR025 VARCHAR(500),
  GMR026 VARCHAR(500),
  GMR027 VARCHAR(500),
  GMR028 VARCHAR(500),
  GMR029 VARCHAR(500),
  GMR030 VARCHAR(500),
  GMR031 VARCHAR(500),
  GMR032 VARCHAR(500),
  GMR033 VARCHAR(500),
  GMR034 VARCHAR(500),
  GMR035 VARCHAR(500),
  GMR036 VARCHAR(500),
  GMR037 VARCHAR(500),
  GMR038 VARCHAR(500),
  GMR039 VARCHAR(500),
  GMR040 VARCHAR(500),
  GMR041 VARCHAR(500),
  GMR042 VARCHAR(500),
  GMR043 VARCHAR(500),
  GMSTPC VARCHAR(500),
  GMSUB VARCHAR(500),
  GMSUBA VARCHAR(500),
  GMTOBJ VARCHAR(500),
  GMTSUB VARCHAR(500),
  GMTXA1 VARCHAR(500),
  GMTXGL VARCHAR(500),
  GMUAFL VARCHAR(500),
  GMUM VARCHAR(500),
  GMUPMJ VARCHAR(500),
  GMUPMT VARCHAR(500),
  GMUSER VARCHAR(500),
  GMWCMP VARCHAR(500)
);
INSERT INTO F0901 (GMADJENT, GMAID, GMANS, GMBILL, GMBPC, GMCCC, GMCCT, GMCEC1, GMCEC2, GMCEC3, GMCEC4, GMCO, GMCRCD, GMDL01, GMERC, GMFMOD, GMFPEC, GMHTC, GMIEC, GMJOBN, GMLDA, GMMCU, GMOBJ, GMOBJA, GMPEC, GMPID, GMPRGF, GMQLDA, GMR001, GMR002, GMR003, GMR004, GMR005, GMR006, GMR007, GMR008, GMR009, GMR010, GMR011, GMR012, GMR013, GMR014, GMR015, GMR016, GMR017, GMR018, GMR019, GMR020, GMR021, GMR022, GMR023, GMR024, GMR025, GMR026, GMR027, GMR028, GMR029, GMR030, GMR031, GMR032, GMR033, GMR034, GMR035, GMR036, GMR037, GMR038, GMR039, GMR040, GMR041, GMR042, GMR043, GMSTPC, GMSUB, GMSUBA, GMTOBJ, GMTSUB, GMTXA1, GMTXGL, GMUAFL, GMUM, GMUPMJ, GMUPMT, GMUSER, GMWCMP) VALUES ('TEST_1', 'TEST_1', 'TEST_1', 'TEST_1', 'TEST_1', 'TEST_1', 'TEST_1', 'TEST_1', 'TEST_1', 'TEST_1', 'TEST_1', 'TEST_1', 'TEST_1', 'TEST_1', 'TEST_1', 'TEST_1', 'TEST_1', 'TEST_1', 'TEST_1', 'TEST_1', 'TEST_1', 'TEST_1', 'TEST_1', 'TEST_1', 'TEST_1', 'TEST_1', 'TEST_1', 'TEST_1', 'TEST_1', 'TEST_1', 'TEST_1', 'TEST_1', 'TEST_1', 'TEST_1', 'TEST_1', 'TEST_1', 'TEST_1', 'TEST_1', 'TEST_1', 'TEST_1', 'TEST_1', 'TEST_1', 'TEST_1', 'TEST_1', 'TEST_1', 'TEST_1', 'TEST_1', 'TEST_1', 'TEST_1', 'TEST_1', 'TEST_1', 'TEST_1', 'TEST_1', 'TEST_1', 'TEST_1', 'TEST_1', 'TEST_1', 'TEST_1', 'TEST_1', 'TEST_1', 'TEST_1', 'TEST_1', 'TEST_1', 'TEST_1', 'TEST_1', 'TEST_1', 'TEST_1', 'TEST_1', 'TEST_1', 'TEST_1', 'TEST_1', 'TEST_1', 'TEST_1', 'TEST_1', 'TEST_1', 'TEST_1', 'TEST_1', 'TEST_1', 'TEST_1', 'TEST_1', '2024-01-01', 'TEST_1', 'TEST_1', 'TEST_1');
INSERT INTO F0901 (GMADJENT, GMAID, GMANS, GMBILL, GMBPC, GMCCC, GMCCT, GMCEC1, GMCEC2, GMCEC3, GMCEC4, GMCO, GMCRCD, GMDL01, GMERC, GMFMOD, GMFPEC, GMHTC, GMIEC, GMJOBN, GMLDA, GMMCU, GMOBJ, GMOBJA, GMPEC, GMPID, GMPRGF, GMQLDA, GMR001, GMR002, GMR003, GMR004, GMR005, GMR006, GMR007, GMR008, GMR009, GMR010, GMR011, GMR012, GMR013, GMR014, GMR015, GMR016, GMR017, GMR018, GMR019, GMR020, GMR021, GMR022, GMR023, GMR024, GMR025, GMR026, GMR027, GMR028, GMR029, GMR030, GMR031, GMR032, GMR033, GMR034, GMR035, GMR036, GMR037, GMR038, GMR039, GMR040, GMR041, GMR042, GMR043, GMSTPC, GMSUB, GMSUBA, GMTOBJ, GMTSUB, GMTXA1, GMTXGL, GMUAFL, GMUM, GMUPMJ, GMUPMT, GMUSER, GMWCMP) VALUES ('TEST_2', 'TEST_2', 'TEST_2', 'TEST_2', 'TEST_2', 'TEST_2', 'TEST_2', 'TEST_2', 'TEST_2', 'TEST_2', 'TEST_2', 'TEST_2', 'TEST_2', 'TEST_2', 'TEST_2', 'TEST_2', 'TEST_2', 'TEST_2', 'TEST_2', 'TEST_2', 'TEST_2', 'TEST_2', 'TEST_2', 'TEST_2', 'TEST_2', 'TEST_2', 'TEST_2', 'TEST_2', 'TEST_2', 'TEST_2', 'TEST_2', 'TEST_2', 'TEST_2', 'TEST_2', 'TEST_2', 'TEST_2', 'TEST_2', 'TEST_2', 'TEST_2', 'TEST_2', 'TEST_2', 'TEST_2', 'TEST_2', 'TEST_2', 'TEST_2', 'TEST_2', 'TEST_2', 'TEST_2', 'TEST_2', 'TEST_2', 'TEST_2', 'TEST_2', 'TEST_2', 'TEST_2', 'TEST_2', 'TEST_2', 'TEST_2', 'TEST_2', 'TEST_2', 'TEST_2', 'TEST_2', 'TEST_2', 'TEST_2', 'TEST_2', 'TEST_2', 'TEST_2', 'TEST_2', 'TEST_2', 'TEST_2', 'TEST_2', 'TEST_2', 'TEST_2', 'TEST_2', 'TEST_2', 'TEST_2', 'TEST_2', 'TEST_2', 'TEST_2', 'TEST_2', 'TEST_2', '2024-01-02', 'TEST_2', 'TEST_2', 'TEST_2');
INSERT INTO F0901 (GMADJENT, GMAID, GMANS, GMBILL, GMBPC, GMCCC, GMCCT, GMCEC1, GMCEC2, GMCEC3, GMCEC4, GMCO, GMCRCD, GMDL01, GMERC, GMFMOD, GMFPEC, GMHTC, GMIEC, GMJOBN, GMLDA, GMMCU, GMOBJ, GMOBJA, GMPEC, GMPID, GMPRGF, GMQLDA, GMR001, GMR002, GMR003, GMR004, GMR005, GMR006, GMR007, GMR008, GMR009, GMR010, GMR011, GMR012, GMR013, GMR014, GMR015, GMR016, GMR017, GMR018, GMR019, GMR020, GMR021, GMR022, GMR023, GMR024, GMR025, GMR026, GMR027, GMR028, GMR029, GMR030, GMR031, GMR032, GMR033, GMR034, GMR035, GMR036, GMR037, GMR038, GMR039, GMR040, GMR041, GMR042, GMR043, GMSTPC, GMSUB, GMSUBA, GMTOBJ, GMTSUB, GMTXA1, GMTXGL, GMUAFL, GMUM, GMUPMJ, GMUPMT, GMUSER, GMWCMP) VALUES ('TEST_3', 'TEST_3', 'TEST_3', 'TEST_3', 'TEST_3', 'TEST_3', 'TEST_3', 'TEST_3', 'TEST_3', 'TEST_3', 'TEST_3', 'TEST_3', 'TEST_3', 'TEST_3', 'TEST_3', 'TEST_3', 'TEST_3', 'TEST_3', 'TEST_3', 'TEST_3', 'TEST_3', 'TEST_3', 'TEST_3', 'TEST_3', 'TEST_3', 'TEST_3', 'TEST_3', 'TEST_3', 'TEST_3', 'TEST_3', 'TEST_3', 'TEST_3', 'TEST_3', 'TEST_3', 'TEST_3', 'TEST_3', 'TEST_3', 'TEST_3', 'TEST_3', 'TEST_3', 'TEST_3', 'TEST_3', 'TEST_3', 'TEST_3', 'TEST_3', 'TEST_3', 'TEST_3', 'TEST_3', 'TEST_3', 'TEST_3', 'TEST_3', 'TEST_3', 'TEST_3', 'TEST_3', 'TEST_3', 'TEST_3', 'TEST_3', 'TEST_3', 'TEST_3', 'TEST_3', 'TEST_3', 'TEST_3', 'TEST_3', 'TEST_3', 'TEST_3', 'TEST_3', 'TEST_3', 'TEST_3', 'TEST_3', 'TEST_3', 'TEST_3', 'TEST_3', 'TEST_3', 'TEST_3', 'TEST_3', 'TEST_3', 'TEST_3', 'TEST_3', 'TEST_3', 'TEST_3', '2024-01-03', 'TEST_3', 'TEST_3', 'TEST_3');

CREATE OR REPLACE TABLE F0911 (
  GLAA VARCHAR(500),
  GLABR1 VARCHAR(500),
  GLABR2 VARCHAR(500),
  GLABR3 VARCHAR(500),
  GLABR4 VARCHAR(500),
  GLABT1 VARCHAR(500),
  GLABT2 VARCHAR(500),
  GLABT3 VARCHAR(500),
  GLABT4 VARCHAR(500),
  GLACR VARCHAR(500),
  GLACTB VARCHAR(500),
  GLAHBU VARCHAR(500),
  GLAID VARCHAR(500),
  GLALID VARCHAR(500),
  GLALT0 VARCHAR(500),
  GLALT1 VARCHAR(500),
  GLALT2 VARCHAR(500),
  GLALT3 VARCHAR(500),
  GLALT4 VARCHAR(500),
  GLALT5 VARCHAR(500),
  GLALT6 VARCHAR(500),
  GLALT7 VARCHAR(500),
  GLALT8 VARCHAR(500),
  GLALT9 VARCHAR(500),
  GLALTT VARCHAR(500),
  GLALTU VARCHAR(500),
  GLALTV VARCHAR(500),
  GLALTW VARCHAR(500),
  GLALTX VARCHAR(500),
  GLALTY VARCHAR(500),
  GLALTZ VARCHAR(500),
  GLAM VARCHAR(500),
  GLAN8 VARCHAR(500),
  GLANI VARCHAR(500),
  GLASID VARCHAR(500),
  GLASM VARCHAR(500),
  GLBC VARCHAR(500),
  GLBCRC VARCHAR(500),
  GLBRE VARCHAR(500),
  GLBUPC VARCHAR(500),
  GLCFF1 VARCHAR(500),
  GLCFF2 VARCHAR(500),
  GLCKNU VARCHAR(500),
  GLCN VARCHAR(500),
  GLCO VARCHAR(500),
  GLCRCD VARCHAR(500),
  GLCRR VARCHAR(500),
  GLCRRM VARCHAR(500),
  GLCTRY VARCHAR(500),
  GLDCT VARCHAR(500),
  GLDCTO VARCHAR(500),
  GLDGJ VARCHAR(500),
  GLDICJ VARCHAR(500),
  GLDKC VARCHAR(500),
  GLDKJ VARCHAR(500),
  GLDLNA VARCHAR(500),
  GLDLNID VARCHAR(500),
  GLDOC VARCHAR(500),
  GLDOI VARCHAR(500),
  GLDSVJ VARCHAR(500),
  GLDSYJ VARCHAR(500),
  GLEPGC VARCHAR(500),
  GLEXA VARCHAR(500),
  GLEXR VARCHAR(500),
  GLEXR1 VARCHAR(500),
  GLEXTL VARCHAR(500),
  GLFNLP VARCHAR(500),
  GLFQ VARCHAR(500),
  GLFY VARCHAR(500),
  GLGLC VARCHAR(500),
  GLGPF1 VARCHAR(500),
  GLHCRR VARCHAR(500),
  GLHDGJ VARCHAR(500),
  GLHMCU VARCHAR(500),
  GLICU VARCHAR(500),
  GLICUT VARCHAR(500),
  GLITM VARCHAR(500),
  GLIVD VARCHAR(500),
  GLJBCD VARCHAR(500),
  GLJBST VARCHAR(500),
  GLJELN VARCHAR(500),
  GLJOBN VARCHAR(500),
  GLJPGC VARCHAR(500),
  GLKCO VARCHAR(500),
  GLLNID VARCHAR(500),
  GLLT VARCHAR(500),
  GLMCU VARCHAR(500),
  GLOBJ VARCHAR(500),
  GLODCT VARCHAR(500),
  GLODOC VARCHAR(500),
  GLOFM VARCHAR(500),
  GLOKCO VARCHAR(500),
  GLOPSQ VARCHAR(500),
  GLOSFX VARCHAR(500),
  GLPDCT VARCHAR(500),
  GLPID VARCHAR(500),
  GLPKCO VARCHAR(500),
  GLPM01 VARCHAR(500),
  GLPM02 VARCHAR(500),
  GLPM03 VARCHAR(500),
  GLPM04 VARCHAR(500),
  GLPM05 VARCHAR(500),
  GLPM06 VARCHAR(500),
  GLPM07 VARCHAR(500),
  GLPM08 VARCHAR(500),
  GLPM09 VARCHAR(500),
  GLPM10 VARCHAR(500),
  GLPN VARCHAR(500),
  GLPO VARCHAR(500),
  GLPOST VARCHAR(500),
  GLPRGE VARCHAR(500),
  GLPRGF VARCHAR(500),
  GLPSFX VARCHAR(500),
  GLPYID VARCHAR(500),
  GLR1 VARCHAR(500),
  GLR2 VARCHAR(500),
  GLR3 VARCHAR(500),
  GLRC5 VARCHAR(500),
  GLRCND VARCHAR(500),
  GLRE VARCHAR(500),
  GLSBL VARCHAR(500),
  GLSBLT VARCHAR(500),
  GLSFX VARCHAR(500),
  GLSFXE VARCHAR(500),
  GLSUB VARCHAR(500),
  GLSUMM VARCHAR(500),
  GLTICU VARCHAR(500),
  GLTNN VARCHAR(500),
  GLTORG VARCHAR(500),
  GLTXA1 VARCHAR(500),
  GLTXITM VARCHAR(500),
  GLU VARCHAR(500),
  GLUM VARCHAR(500),
  GLUPMJ VARCHAR(500),
  GLUPMT VARCHAR(500),
  GLUSER VARCHAR(500),
  GLVINV VARCHAR(500),
  GLWN VARCHAR(500),
  GLWR01 VARCHAR(500),
  GLWY VARCHAR(500)
);
INSERT INTO F0911 (GLAA, GLABR1, GLABR2, GLABR3, GLABR4, GLABT1, GLABT2, GLABT3, GLABT4, GLACR, GLACTB, GLAHBU, GLAID, GLALID, GLALT0, GLALT1, GLALT2, GLALT3, GLALT4, GLALT5, GLALT6, GLALT7, GLALT8, GLALT9, GLALTT, GLALTU, GLALTV, GLALTW, GLALTX, GLALTY, GLALTZ, GLAM, GLAN8, GLANI, GLASID, GLASM, GLBC, GLBCRC, GLBRE, GLBUPC, GLCFF1, GLCFF2, GLCKNU, GLCN, GLCO, GLCRCD, GLCRR, GLCRRM, GLCTRY, GLDCT, GLDCTO, GLDGJ, GLDICJ, GLDKC, GLDKJ, GLDLNA, GLDLNID, GLDOC, GLDOI, GLDSVJ, GLDSYJ, GLEPGC, GLEXA, GLEXR, GLEXR1, GLEXTL, GLFNLP, GLFQ, GLFY, GLGLC, GLGPF1, GLHCRR, GLHDGJ, GLHMCU, GLICU, GLICUT, GLITM, GLIVD, GLJBCD, GLJBST, GLJELN, GLJOBN, GLJPGC, GLKCO, GLLNID, GLLT, GLMCU, GLOBJ, GLODCT, GLODOC, GLOFM, GLOKCO, GLOPSQ, GLOSFX, GLPDCT, GLPID, GLPKCO, GLPM01, GLPM02, GLPM03, GLPM04, GLPM05, GLPM06, GLPM07, GLPM08, GLPM09, GLPM10, GLPN, GLPO, GLPOST, GLPRGE, GLPRGF, GLPSFX, GLPYID, GLR1, GLR2, GLR3, GLRC5, GLRCND, GLRE, GLSBL, GLSBLT, GLSFX, GLSFXE, GLSUB, GLSUMM, GLTICU, GLTNN, GLTORG, GLTXA1, GLTXITM, GLU, GLUM, GLUPMJ, GLUPMT, GLUSER, GLVINV, GLWN, GLWR01, GLWY) VALUES ('TEST_1', 'TEST_1', 'TEST_1', 'TEST_1', 'TEST_1', 'TEST_1', 'TEST_1', 'TEST_1', 'TEST_1', 'TEST_1', 'TEST_1', 'TEST_1', 'TEST_1', 'TEST_1', 'TEST_1', 'TEST_1', 'TEST_1', 'TEST_1', 'TEST_1', 'TEST_1', 'TEST_1', 'TEST_1', 'TEST_1', 'TEST_1', 'TEST_1', 'TEST_1', 'TEST_1', 'TEST_1', 'TEST_1', 'TEST_1', 'TEST_1', 'TEST_1', 'TEST_1', 'TEST_1', 'TEST_1', 'TEST_1', 'TEST_1', 'TEST_1', 'TEST_1', 'TEST_1', 'TEST_1', 'TEST_1', 'TEST_1', 'TEST_1', 'TEST_1', 'TEST_1', 'TEST_1', 'TEST_1', 'TEST_1', 'TEST_1', 'TEST_1', 'TEST_1', 'TEST_1', 'TEST_1', 'TEST_1', 'TEST_1', 'TEST_1', 'TEST_1', 'TEST_1', 'TEST_1', 'TEST_1', 'TEST_1', 'TEST_1', 'TEST_1', 'TEST_1', 'TEST_1', 'TEST_1', 'TEST_1', 'TEST_1', 'TEST_1', 'TEST_1', 'TEST_1', 'TEST_1', 'TEST_1', 'TEST_1', 'TEST_1', 'TEST_1', 'TEST_1', 'TEST_1', 'TEST_1', 'TEST_1', 'TEST_1', 'TEST_1', 'TEST_1', 'TEST_1', 'TEST_1', 'TEST_1', 'TEST_1', 'TEST_1', 'TEST_1', 'TEST_1', 'TEST_1', 'TEST_1', 'TEST_1', 'TEST_1', 'TEST_1', 'TEST_1', 'TEST_1', 'TEST_1', 'TEST_1', 'TEST_1', 'TEST_1', 'TEST_1', 'TEST_1', 'TEST_1', 'TEST_1', 'TEST_1', 'TEST_1', 'TEST_1', 'TEST_1', 'TEST_1', 'TEST_1', 'TEST_1', 'TEST_1', 'TEST_1', 'TEST_1', 'TEST_1', 'TEST_1', 'TEST_1', 'TEST_1', 'TEST_1', 'TEST_1', 'TEST_1', 'TEST_1', 'TEST_1', 'TEST_1', 'TEST_1', 'TEST_1', 'TEST_1', 'TEST_1', 'TEST_1', 'TEST_1', 'TEST_1', '2024-01-01', 'TEST_1', 'TEST_1', 'TEST_1', 'TEST_1', 'TEST_1', 'TEST_1');
INSERT INTO F0911 (GLAA, GLABR1, GLABR2, GLABR3, GLABR4, GLABT1, GLABT2, GLABT3, GLABT4, GLACR, GLACTB, GLAHBU, GLAID, GLALID, GLALT0, GLALT1, GLALT2, GLALT3, GLALT4, GLALT5, GLALT6, GLALT7, GLALT8, GLALT9, GLALTT, GLALTU, GLALTV, GLALTW, GLALTX, GLALTY, GLALTZ, GLAM, GLAN8, GLANI, GLASID, GLASM, GLBC, GLBCRC, GLBRE, GLBUPC, GLCFF1, GLCFF2, GLCKNU, GLCN, GLCO, GLCRCD, GLCRR, GLCRRM, GLCTRY, GLDCT, GLDCTO, GLDGJ, GLDICJ, GLDKC, GLDKJ, GLDLNA, GLDLNID, GLDOC, GLDOI, GLDSVJ, GLDSYJ, GLEPGC, GLEXA, GLEXR, GLEXR1, GLEXTL, GLFNLP, GLFQ, GLFY, GLGLC, GLGPF1, GLHCRR, GLHDGJ, GLHMCU, GLICU, GLICUT, GLITM, GLIVD, GLJBCD, GLJBST, GLJELN, GLJOBN, GLJPGC, GLKCO, GLLNID, GLLT, GLMCU, GLOBJ, GLODCT, GLODOC, GLOFM, GLOKCO, GLOPSQ, GLOSFX, GLPDCT, GLPID, GLPKCO, GLPM01, GLPM02, GLPM03, GLPM04, GLPM05, GLPM06, GLPM07, GLPM08, GLPM09, GLPM10, GLPN, GLPO, GLPOST, GLPRGE, GLPRGF, GLPSFX, GLPYID, GLR1, GLR2, GLR3, GLRC5, GLRCND, GLRE, GLSBL, GLSBLT, GLSFX, GLSFXE, GLSUB, GLSUMM, GLTICU, GLTNN, GLTORG, GLTXA1, GLTXITM, GLU, GLUM, GLUPMJ, GLUPMT, GLUSER, GLVINV, GLWN, GLWR01, GLWY) VALUES ('TEST_2', 'TEST_2', 'TEST_2', 'TEST_2', 'TEST_2', 'TEST_2', 'TEST_2', 'TEST_2', 'TEST_2', 'TEST_2', 'TEST_2', 'TEST_2', 'TEST_2', 'TEST_2', 'TEST_2', 'TEST_2', 'TEST_2', 'TEST_2', 'TEST_2', 'TEST_2', 'TEST_2', 'TEST_2', 'TEST_2', 'TEST_2', 'TEST_2', 'TEST_2', 'TEST_2', 'TEST_2', 'TEST_2', 'TEST_2', 'TEST_2', 'TEST_2', 'TEST_2', 'TEST_2', 'TEST_2', 'TEST_2', 'TEST_2', 'TEST_2', 'TEST_2', 'TEST_2', 'TEST_2', 'TEST_2', 'TEST_2', 'TEST_2', 'TEST_2', 'TEST_2', 'TEST_2', 'TEST_2', 'TEST_2', 'TEST_2', 'TEST_2', 'TEST_2', 'TEST_2', 'TEST_2', 'TEST_2', 'TEST_2', 'TEST_2', 'TEST_2', 'TEST_2', 'TEST_2', 'TEST_2', 'TEST_2', 'TEST_2', 'TEST_2', 'TEST_2', 'TEST_2', 'TEST_2', 'TEST_2', 'TEST_2', 'TEST_2', 'TEST_2', 'TEST_2', 'TEST_2', 'TEST_2', 'TEST_2', 'TEST_2', 'TEST_2', 'TEST_2', 'TEST_2', 'TEST_2', 'TEST_2', 'TEST_2', 'TEST_2', 'TEST_2', 'TEST_2', 'TEST_2', 'TEST_2', 'TEST_2', 'TEST_2', 'TEST_2', 'TEST_2', 'TEST_2', 'TEST_2', 'TEST_2', 'TEST_2', 'TEST_2', 'TEST_2', 'TEST_2', 'TEST_2', 'TEST_2', 'TEST_2', 'TEST_2', 'TEST_2', 'TEST_2', 'TEST_2', 'TEST_2', 'TEST_2', 'TEST_2', 'TEST_2', 'TEST_2', 'TEST_2', 'TEST_2', 'TEST_2', 'TEST_2', 'TEST_2', 'TEST_2', 'TEST_2', 'TEST_2', 'TEST_2', 'TEST_2', 'TEST_2', 'TEST_2', 'TEST_2', 'TEST_2', 'TEST_2', 'TEST_2', 'TEST_2', 'TEST_2', 'TEST_2', 'TEST_2', 'TEST_2', 'TEST_2', 'TEST_2', '2024-01-02', 'TEST_2', 'TEST_2', 'TEST_2', 'TEST_2', 'TEST_2', 'TEST_2');
INSERT INTO F0911 (GLAA, GLABR1, GLABR2, GLABR3, GLABR4, GLABT1, GLABT2, GLABT3, GLABT4, GLACR, GLACTB, GLAHBU, GLAID, GLALID, GLALT0, GLALT1, GLALT2, GLALT3, GLALT4, GLALT5, GLALT6, GLALT7, GLALT8, GLALT9, GLALTT, GLALTU, GLALTV, GLALTW, GLALTX, GLALTY, GLALTZ, GLAM, GLAN8, GLANI, GLASID, GLASM, GLBC, GLBCRC, GLBRE, GLBUPC, GLCFF1, GLCFF2, GLCKNU, GLCN, GLCO, GLCRCD, GLCRR, GLCRRM, GLCTRY, GLDCT, GLDCTO, GLDGJ, GLDICJ, GLDKC, GLDKJ, GLDLNA, GLDLNID, GLDOC, GLDOI, GLDSVJ, GLDSYJ, GLEPGC, GLEXA, GLEXR, GLEXR1, GLEXTL, GLFNLP, GLFQ, GLFY, GLGLC, GLGPF1, GLHCRR, GLHDGJ, GLHMCU, GLICU, GLICUT, GLITM, GLIVD, GLJBCD, GLJBST, GLJELN, GLJOBN, GLJPGC, GLKCO, GLLNID, GLLT, GLMCU, GLOBJ, GLODCT, GLODOC, GLOFM, GLOKCO, GLOPSQ, GLOSFX, GLPDCT, GLPID, GLPKCO, GLPM01, GLPM02, GLPM03, GLPM04, GLPM05, GLPM06, GLPM07, GLPM08, GLPM09, GLPM10, GLPN, GLPO, GLPOST, GLPRGE, GLPRGF, GLPSFX, GLPYID, GLR1, GLR2, GLR3, GLRC5, GLRCND, GLRE, GLSBL, GLSBLT, GLSFX, GLSFXE, GLSUB, GLSUMM, GLTICU, GLTNN, GLTORG, GLTXA1, GLTXITM, GLU, GLUM, GLUPMJ, GLUPMT, GLUSER, GLVINV, GLWN, GLWR01, GLWY) VALUES ('TEST_3', 'TEST_3', 'TEST_3', 'TEST_3', 'TEST_3', 'TEST_3', 'TEST_3', 'TEST_3', 'TEST_3', 'TEST_3', 'TEST_3', 'TEST_3', 'TEST_3', 'TEST_3', 'TEST_3', 'TEST_3', 'TEST_3', 'TEST_3', 'TEST_3', 'TEST_3', 'TEST_3', 'TEST_3', 'TEST_3', 'TEST_3', 'TEST_3', 'TEST_3', 'TEST_3', 'TEST_3', 'TEST_3', 'TEST_3', 'TEST_3', 'TEST_3', 'TEST_3', 'TEST_3', 'TEST_3', 'TEST_3', 'TEST_3', 'TEST_3', 'TEST_3', 'TEST_3', 'TEST_3', 'TEST_3', 'TEST_3', 'TEST_3', 'TEST_3', 'TEST_3', 'TEST_3', 'TEST_3', 'TEST_3', 'TEST_3', 'TEST_3', 'TEST_3', 'TEST_3', 'TEST_3', 'TEST_3', 'TEST_3', 'TEST_3', 'TEST_3', 'TEST_3', 'TEST_3', 'TEST_3', 'TEST_3', 'TEST_3', 'TEST_3', 'TEST_3', 'TEST_3', 'TEST_3', 'TEST_3', 'TEST_3', 'TEST_3', 'TEST_3', 'TEST_3', 'TEST_3', 'TEST_3', 'TEST_3', 'TEST_3', 'TEST_3', 'TEST_3', 'TEST_3', 'TEST_3', 'TEST_3', 'TEST_3', 'TEST_3', 'TEST_3', 'TEST_3', 'TEST_3', 'TEST_3', 'TEST_3', 'TEST_3', 'TEST_3', 'TEST_3', 'TEST_3', 'TEST_3', 'TEST_3', 'TEST_3', 'TEST_3', 'TEST_3', 'TEST_3', 'TEST_3', 'TEST_3', 'TEST_3', 'TEST_3', 'TEST_3', 'TEST_3', 'TEST_3', 'TEST_3', 'TEST_3', 'TEST_3', 'TEST_3', 'TEST_3', 'TEST_3', 'TEST_3', 'TEST_3', 'TEST_3', 'TEST_3', 'TEST_3', 'TEST_3', 'TEST_3', 'TEST_3', 'TEST_3', 'TEST_3', 'TEST_3', 'TEST_3', 'TEST_3', 'TEST_3', 'TEST_3', 'TEST_3', 'TEST_3', 'TEST_3', 'TEST_3', 'TEST_3', 'TEST_3', 'TEST_3', '2024-01-03', 'TEST_3', 'TEST_3', 'TEST_3', 'TEST_3', 'TEST_3', 'TEST_3');

CREATE OR REPLACE TABLE S_ZJ_JOURNALS (
  ETL_LOAD_DTE VARCHAR(500),
  F0011_ICAME VARCHAR(500),
  F0011_ICIST VARCHAR(500),
  F01151_EAEMAL VARCHAR(500),
  F0901_GMDL01 VARCHAR(500),
  F0911_GLAA VARCHAR(500),
  F0911_GLANI VARCHAR(500),
  F0911_GLASID VARCHAR(500),
  F0911_GLCO VARCHAR(500),
  F0911_GLCRCD VARCHAR(500),
  F0911_GLCRRM VARCHAR(500),
  F0911_GLDCT VARCHAR(500),
  F0911_GLDGJ VARCHAR(500),
  F0911_GLDICJ VARCHAR(500),
  F0911_GLDOC VARCHAR(500),
  F0911_GLEXA VARCHAR(500),
  F0911_GLEXR VARCHAR(500),
  F0911_GLEXTL VARCHAR(500),
  F0911_GLICU VARCHAR(500),
  F0911_GLICUT VARCHAR(500),
  F0911_GLJELN VARCHAR(500),
  F0911_GLKCO VARCHAR(500),
  F0911_GLLT VARCHAR(500),
  F0911_GLPO VARCHAR(500),
  F0911_GLPOST VARCHAR(500),
  F0911_GLRCND VARCHAR(500),
  F0911_GLRE VARCHAR(500),
  F0911_GLSBL VARCHAR(500),
  F0911_GLSBLT VARCHAR(500),
  F0911_GLTORG VARCHAR(500),
  F0911_GLUPMJ VARCHAR(500),
  F0911_GLUPMT VARCHAR(500),
  F0911_GLUSER VARCHAR(500)
);
INSERT INTO S_ZJ_JOURNALS (ETL_LOAD_DTE, F0011_ICAME, F0011_ICIST, F01151_EAEMAL, F0901_GMDL01, F0911_GLAA, F0911_GLANI, F0911_GLASID, F0911_GLCO, F0911_GLCRCD, F0911_GLCRRM, F0911_GLDCT, F0911_GLDGJ, F0911_GLDICJ, F0911_GLDOC, F0911_GLEXA, F0911_GLEXR, F0911_GLEXTL, F0911_GLICU, F0911_GLICUT, F0911_GLJELN, F0911_GLKCO, F0911_GLLT, F0911_GLPO, F0911_GLPOST, F0911_GLRCND, F0911_GLRE, F0911_GLSBL, F0911_GLSBLT, F0911_GLTORG, F0911_GLUPMJ, F0911_GLUPMT, F0911_GLUSER) VALUES ('2024-01-01', 'TEST_1', 'TEST_1', 'TEST_1', 'TEST_1', 'TEST_1', 'TEST_1', 'TEST_1', 'TEST_1', 'TEST_1', 'TEST_1', 'TEST_1', 'TEST_1', 'TEST_1', 'TEST_1', 'TEST_1', 'TEST_1', 'TEST_1', 'TEST_1', 'TEST_1', 'TEST_1', 'TEST_1', 'TEST_1', 'TEST_1', 'TEST_1', 'TEST_1', 'TEST_1', 'TEST_1', 'TEST_1', 'TEST_1', '2024-01-01', 'TEST_1', 'TEST_1');
INSERT INTO S_ZJ_JOURNALS (ETL_LOAD_DTE, F0011_ICAME, F0011_ICIST, F01151_EAEMAL, F0901_GMDL01, F0911_GLAA, F0911_GLANI, F0911_GLASID, F0911_GLCO, F0911_GLCRCD, F0911_GLCRRM, F0911_GLDCT, F0911_GLDGJ, F0911_GLDICJ, F0911_GLDOC, F0911_GLEXA, F0911_GLEXR, F0911_GLEXTL, F0911_GLICU, F0911_GLICUT, F0911_GLJELN, F0911_GLKCO, F0911_GLLT, F0911_GLPO, F0911_GLPOST, F0911_GLRCND, F0911_GLRE, F0911_GLSBL, F0911_GLSBLT, F0911_GLTORG, F0911_GLUPMJ, F0911_GLUPMT, F0911_GLUSER) VALUES ('2024-01-02', 'TEST_2', 'TEST_2', 'TEST_2', 'TEST_2', 'TEST_2', 'TEST_2', 'TEST_2', 'TEST_2', 'TEST_2', 'TEST_2', 'TEST_2', 'TEST_2', 'TEST_2', 'TEST_2', 'TEST_2', 'TEST_2', 'TEST_2', 'TEST_2', 'TEST_2', 'TEST_2', 'TEST_2', 'TEST_2', 'TEST_2', 'TEST_2', 'TEST_2', 'TEST_2', 'TEST_2', 'TEST_2', 'TEST_2', '2024-01-02', 'TEST_2', 'TEST_2');
INSERT INTO S_ZJ_JOURNALS (ETL_LOAD_DTE, F0011_ICAME, F0011_ICIST, F01151_EAEMAL, F0901_GMDL01, F0911_GLAA, F0911_GLANI, F0911_GLASID, F0911_GLCO, F0911_GLCRCD, F0911_GLCRRM, F0911_GLDCT, F0911_GLDGJ, F0911_GLDICJ, F0911_GLDOC, F0911_GLEXA, F0911_GLEXR, F0911_GLEXTL, F0911_GLICU, F0911_GLICUT, F0911_GLJELN, F0911_GLKCO, F0911_GLLT, F0911_GLPO, F0911_GLPOST, F0911_GLRCND, F0911_GLRE, F0911_GLSBL, F0911_GLSBLT, F0911_GLTORG, F0911_GLUPMJ, F0911_GLUPMT, F0911_GLUSER) VALUES ('2024-01-03', 'TEST_3', 'TEST_3', 'TEST_3', 'TEST_3', 'TEST_3', 'TEST_3', 'TEST_3', 'TEST_3', 'TEST_3', 'TEST_3', 'TEST_3', 'TEST_3', 'TEST_3', 'TEST_3', 'TEST_3', 'TEST_3', 'TEST_3', 'TEST_3', 'TEST_3', 'TEST_3', 'TEST_3', 'TEST_3', 'TEST_3', 'TEST_3', 'TEST_3', 'TEST_3', 'TEST_3', 'TEST_3', 'TEST_3', '2024-01-03', 'TEST_3', 'TEST_3');

CREATE OR REPLACE TABLE T_AP_CITIBANK_VCA (
  ACTION_TYPE VARCHAR(500),
  BANK_NBR VARCHAR(500),
  CDF_PAYEE_NAME VARCHAR(500),
  CDF_PAYEE_NUMBER VARCHAR(500),
  CDF_PAYMENT_AMOUNT VARCHAR(500),
  CDF_PAYMENT_DATE VARCHAR(500),
  CDF_PAYMENT_NUMBER VARCHAR(500),
  ICA_NBR VARCHAR(500),
  ISSUER_ID VARCHAR(500),
  MAX_PURCHASE_AMT VARCHAR(500),
  MIN_PURCHASE_AMT VARCHAR(500),
  MULTI_USE VARCHAR(500),
  PURCHASE_CURRENCY VARCHAR(500),
  PURCHASE_TYPE VARCHAR(500),
  RECORD_ID VARCHAR(500),
  REQUEST_ID VARCHAR(500),
  SUPPLIER_EMAIL VARCHAR(500),
  SUPPLIER_NAME VARCHAR(500),
  USER_NAME VARCHAR(500),
  VALID_FOR VARCHAR(500),
  VALID_FROM VARCHAR(500),
  VALID_TO VARCHAR(500),
  V_CARD_ALIAS VARCHAR(500)
);
INSERT INTO T_AP_CITIBANK_VCA (ACTION_TYPE, BANK_NBR, CDF_PAYEE_NAME, CDF_PAYEE_NUMBER, CDF_PAYMENT_AMOUNT, CDF_PAYMENT_DATE, CDF_PAYMENT_NUMBER, ICA_NBR, ISSUER_ID, MAX_PURCHASE_AMT, MIN_PURCHASE_AMT, MULTI_USE, PURCHASE_CURRENCY, PURCHASE_TYPE, RECORD_ID, REQUEST_ID, SUPPLIER_EMAIL, SUPPLIER_NAME, USER_NAME, VALID_FOR, VALID_FROM, VALID_TO, V_CARD_ALIAS) VALUES ('TEST_1', '1000', 'TEST_1', '1000', '100.00', '2024-01-01', '1000', '1000', '1000', '100.00', '100.00', 'TEST_1', 'TEST_1', 'TEST_1', '1000', '1000', 'TEST_1', 'TEST_1', 'TEST_1', 'TEST_1', 'TEST_1', 'TEST_1', 'TEST_1');
INSERT INTO T_AP_CITIBANK_VCA (ACTION_TYPE, BANK_NBR, CDF_PAYEE_NAME, CDF_PAYEE_NUMBER, CDF_PAYMENT_AMOUNT, CDF_PAYMENT_DATE, CDF_PAYMENT_NUMBER, ICA_NBR, ISSUER_ID, MAX_PURCHASE_AMT, MIN_PURCHASE_AMT, MULTI_USE, PURCHASE_CURRENCY, PURCHASE_TYPE, RECORD_ID, REQUEST_ID, SUPPLIER_EMAIL, SUPPLIER_NAME, USER_NAME, VALID_FOR, VALID_FROM, VALID_TO, V_CARD_ALIAS) VALUES ('TEST_2', '2000', 'TEST_2', '2000', '200.00', '2024-01-02', '2000', '2000', '2000', '200.00', '200.00', 'TEST_2', 'TEST_2', 'TEST_2', '2000', '2000', 'TEST_2', 'TEST_2', 'TEST_2', 'TEST_2', 'TEST_2', 'TEST_2', 'TEST_2');
INSERT INTO T_AP_CITIBANK_VCA (ACTION_TYPE, BANK_NBR, CDF_PAYEE_NAME, CDF_PAYEE_NUMBER, CDF_PAYMENT_AMOUNT, CDF_PAYMENT_DATE, CDF_PAYMENT_NUMBER, ICA_NBR, ISSUER_ID, MAX_PURCHASE_AMT, MIN_PURCHASE_AMT, MULTI_USE, PURCHASE_CURRENCY, PURCHASE_TYPE, RECORD_ID, REQUEST_ID, SUPPLIER_EMAIL, SUPPLIER_NAME, USER_NAME, VALID_FOR, VALID_FROM, VALID_TO, V_CARD_ALIAS) VALUES ('TEST_3', '3000', 'TEST_3', '3000', '300.00', '2024-01-03', '3000', '3000', '3000', '300.00', '300.00', 'TEST_3', 'TEST_3', 'TEST_3', '3000', '3000', 'TEST_3', 'TEST_3', 'TEST_3', 'TEST_3', 'TEST_3', 'TEST_3', 'TEST_3');

CREATE OR REPLACE TABLE T_CM_Z1_SALES (
  ADJDETAILREPORTTABLENUM VARCHAR(500),
  BUSINESSSEGMENT VARCHAR(500),
  BUSINESSSEGMENTDESCRIPTION VARCHAR(500),
  COMMISSIONCODE VARCHAR(500),
  CONTRACTNAME VARCHAR(500),
  CONTRACTNUMBER VARCHAR(500),
  COSTCENTER VARCHAR(500),
  COUNTY VARCHAR(500),
  COUNTYDESCRIPTION VARCHAR(500),
  CUSTOMERNAME VARCHAR(500),
  CUSTOMERNUMBER VARCHAR(500),
  CUSTOMERNUMBERSHIPTO VARCHAR(500),
  CUSTOMERPO VARCHAR(500),
  CUSTOMERTYPE VARCHAR(500),
  INVOICENUMBER VARCHAR(500),
  ITEMCLASS VARCHAR(500),
  ITEMCLASSDESCRIPTION VARCHAR(500),
  ITEMDESCRIPTION VARCHAR(500),
  ITEMNUMBER VARCHAR(500),
  LINEITEMNUMBER VARCHAR(500),
  NULL VARCHAR(500),
  ORDERNUMBER VARCHAR(500),
  ORDERTYPE VARCHAR(500),
  SALESADJUSTMENTNAME VARCHAR(500),
  SALESADJUSTMENTTYPE VARCHAR(500),
  SHIPVIADESC VARCHAR(500),
  SOURCESYSTEM VARCHAR(500),
  SURGEONID VARCHAR(500),
  SURGEONNAME VARCHAR(500),
  TERRITORYID VARCHAR(500),
  TO_CHARACCTSRECEIVABLEVALUE VARCHAR(500),
  TO_CHARCUSTOMERFREIGHT VARCHAR(500),
  TO_CHARCUSTOMERPATTERN VARCHAR(500),
  TO_CHARINVOICEDATE VARCHAR(500),
  TO_CHAROTHERTAXES VARCHAR(500),
  TO_CHARPRICINGPENALTYPRORATION VARCHAR(500),
  TO_CHARQUANTITYSHIPPED VARCHAR(500),
  TO_CHARRAFINVOICEDATE VARCHAR(500),
  TO_CHARRESTOCKFEE VARCHAR(500),
  TO_CHARSALESTAX VARCHAR(500),
  TO_CHARSMS_CASE_NUMBER VARCHAR(500),
  TO_CHARSPECIALCHARGES VARCHAR(500),
  TO_CHARSURGERYDATE VARCHAR(500),
  TO_CHARTRANSPORTATIONDISTRIBUTOR VARCHAR(500),
  TO_CHARTRANSPORTATIONZIMMER VARCHAR(500),
  TO_CHARUNITLISTPRICE VARCHAR(500),
  TO_CHARUNITSALEPRICE VARCHAR(500),
  TRAILERRECORD_YN VARCHAR(500),
  TRANSACTIONHEADER VARCHAR(500),
  TRANSACTIONTYPECODE VARCHAR(500),
  TRANSFERORDERTYPE VARCHAR(500),
  TRXSALESREPNAME VARCHAR(500),
  TRXSALESREPNUMBER VARCHAR(500),
  TRXTERRITORYID VARCHAR(500),
  TRXTERRITORYNAME VARCHAR(500),
  TXNCOUNTY VARCHAR(500),
  TXNCUSTOMERNAME VARCHAR(500),
  TXNCUSTOMERNUMBER VARCHAR(500),
  TXNSURGEONID VARCHAR(500),
  TXNSURGEONNAME VARCHAR(500),
  Z_TO_ZINDICATOR VARCHAR(500)
);
INSERT INTO T_CM_Z1_SALES (ADJDETAILREPORTTABLENUM, BUSINESSSEGMENT, BUSINESSSEGMENTDESCRIPTION, COMMISSIONCODE, CONTRACTNAME, CONTRACTNUMBER, COSTCENTER, COUNTY, COUNTYDESCRIPTION, CUSTOMERNAME, CUSTOMERNUMBER, CUSTOMERNUMBERSHIPTO, CUSTOMERPO, CUSTOMERTYPE, INVOICENUMBER, ITEMCLASS, ITEMCLASSDESCRIPTION, ITEMDESCRIPTION, ITEMNUMBER, LINEITEMNUMBER, NULL, ORDERNUMBER, ORDERTYPE, SALESADJUSTMENTNAME, SALESADJUSTMENTTYPE, SHIPVIADESC, SOURCESYSTEM, SURGEONID, SURGEONNAME, TERRITORYID, TO_CHARACCTSRECEIVABLEVALUE, TO_CHARCUSTOMERFREIGHT, TO_CHARCUSTOMERPATTERN, TO_CHARINVOICEDATE, TO_CHAROTHERTAXES, TO_CHARPRICINGPENALTYPRORATION, TO_CHARQUANTITYSHIPPED, TO_CHARRAFINVOICEDATE, TO_CHARRESTOCKFEE, TO_CHARSALESTAX, TO_CHARSMS_CASE_NUMBER, TO_CHARSPECIALCHARGES, TO_CHARSURGERYDATE, TO_CHARTRANSPORTATIONDISTRIBUTOR, TO_CHARTRANSPORTATIONZIMMER, TO_CHARUNITLISTPRICE, TO_CHARUNITSALEPRICE, TRAILERRECORD_YN, TRANSACTIONHEADER, TRANSACTIONTYPECODE, TRANSFERORDERTYPE, TRXSALESREPNAME, TRXSALESREPNUMBER, TRXTERRITORYID, TRXTERRITORYNAME, TXNCOUNTY, TXNCUSTOMERNAME, TXNCUSTOMERNUMBER, TXNSURGEONID, TXNSURGEONNAME, Z_TO_ZINDICATOR) VALUES ('TEST_1', 'TEST_1', 'TEST_1', 'TEST_1', 'TEST_1', '1000', '100.00', 'TEST_1', 'TEST_1', 'TEST_1', '1000', '1000', 'TEST_1', 'TEST_1', '1000', 'TEST_1', 'TEST_1', 'TEST_1', '1000', '1000', 'TEST_1', '1000', 'TEST_1', 'TEST_1', 'TEST_1', 'TEST_1', 'TEST_1', 'TEST_1', 'TEST_1', 'TEST_1', 'TEST_1', 'TEST_1', 'TEST_1', '2024-01-01', 'TEST_1', 'TEST_1', '100.00', '2024-01-01', 'TEST_1', 'TEST_1', '1000', 'TEST_1', '2024-01-01', 'TEST_1', 'TEST_1', '100.00', '100.00', 'TEST_1', 'TEST_1', 'TEST_1', 'TEST_1', 'TEST_1', '1000', 'TEST_1', 'TEST_1', 'TEST_1', 'TEST_1', '1000', 'TEST_1', 'TEST_1', 'TEST_1');
INSERT INTO T_CM_Z1_SALES (ADJDETAILREPORTTABLENUM, BUSINESSSEGMENT, BUSINESSSEGMENTDESCRIPTION, COMMISSIONCODE, CONTRACTNAME, CONTRACTNUMBER, COSTCENTER, COUNTY, COUNTYDESCRIPTION, CUSTOMERNAME, CUSTOMERNUMBER, CUSTOMERNUMBERSHIPTO, CUSTOMERPO, CUSTOMERTYPE, INVOICENUMBER, ITEMCLASS, ITEMCLASSDESCRIPTION, ITEMDESCRIPTION, ITEMNUMBER, LINEITEMNUMBER, NULL, ORDERNUMBER, ORDERTYPE, SALESADJUSTMENTNAME, SALESADJUSTMENTTYPE, SHIPVIADESC, SOURCESYSTEM, SURGEONID, SURGEONNAME, TERRITORYID, TO_CHARACCTSRECEIVABLEVALUE, TO_CHARCUSTOMERFREIGHT, TO_CHARCUSTOMERPATTERN, TO_CHARINVOICEDATE, TO_CHAROTHERTAXES, TO_CHARPRICINGPENALTYPRORATION, TO_CHARQUANTITYSHIPPED, TO_CHARRAFINVOICEDATE, TO_CHARRESTOCKFEE, TO_CHARSALESTAX, TO_CHARSMS_CASE_NUMBER, TO_CHARSPECIALCHARGES, TO_CHARSURGERYDATE, TO_CHARTRANSPORTATIONDISTRIBUTOR, TO_CHARTRANSPORTATIONZIMMER, TO_CHARUNITLISTPRICE, TO_CHARUNITSALEPRICE, TRAILERRECORD_YN, TRANSACTIONHEADER, TRANSACTIONTYPECODE, TRANSFERORDERTYPE, TRXSALESREPNAME, TRXSALESREPNUMBER, TRXTERRITORYID, TRXTERRITORYNAME, TXNCOUNTY, TXNCUSTOMERNAME, TXNCUSTOMERNUMBER, TXNSURGEONID, TXNSURGEONNAME, Z_TO_ZINDICATOR) VALUES ('TEST_2', 'TEST_2', 'TEST_2', 'TEST_2', 'TEST_2', '2000', '200.00', 'TEST_2', 'TEST_2', 'TEST_2', '2000', '2000', 'TEST_2', 'TEST_2', '2000', 'TEST_2', 'TEST_2', 'TEST_2', '2000', '2000', 'TEST_2', '2000', 'TEST_2', 'TEST_2', 'TEST_2', 'TEST_2', 'TEST_2', 'TEST_2', 'TEST_2', 'TEST_2', 'TEST_2', 'TEST_2', 'TEST_2', '2024-01-02', 'TEST_2', 'TEST_2', '200.00', '2024-01-02', 'TEST_2', 'TEST_2', '2000', 'TEST_2', '2024-01-02', 'TEST_2', 'TEST_2', '200.00', '200.00', 'TEST_2', 'TEST_2', 'TEST_2', 'TEST_2', 'TEST_2', '2000', 'TEST_2', 'TEST_2', 'TEST_2', 'TEST_2', '2000', 'TEST_2', 'TEST_2', 'TEST_2');
INSERT INTO T_CM_Z1_SALES (ADJDETAILREPORTTABLENUM, BUSINESSSEGMENT, BUSINESSSEGMENTDESCRIPTION, COMMISSIONCODE, CONTRACTNAME, CONTRACTNUMBER, COSTCENTER, COUNTY, COUNTYDESCRIPTION, CUSTOMERNAME, CUSTOMERNUMBER, CUSTOMERNUMBERSHIPTO, CUSTOMERPO, CUSTOMERTYPE, INVOICENUMBER, ITEMCLASS, ITEMCLASSDESCRIPTION, ITEMDESCRIPTION, ITEMNUMBER, LINEITEMNUMBER, NULL, ORDERNUMBER, ORDERTYPE, SALESADJUSTMENTNAME, SALESADJUSTMENTTYPE, SHIPVIADESC, SOURCESYSTEM, SURGEONID, SURGEONNAME, TERRITORYID, TO_CHARACCTSRECEIVABLEVALUE, TO_CHARCUSTOMERFREIGHT, TO_CHARCUSTOMERPATTERN, TO_CHARINVOICEDATE, TO_CHAROTHERTAXES, TO_CHARPRICINGPENALTYPRORATION, TO_CHARQUANTITYSHIPPED, TO_CHARRAFINVOICEDATE, TO_CHARRESTOCKFEE, TO_CHARSALESTAX, TO_CHARSMS_CASE_NUMBER, TO_CHARSPECIALCHARGES, TO_CHARSURGERYDATE, TO_CHARTRANSPORTATIONDISTRIBUTOR, TO_CHARTRANSPORTATIONZIMMER, TO_CHARUNITLISTPRICE, TO_CHARUNITSALEPRICE, TRAILERRECORD_YN, TRANSACTIONHEADER, TRANSACTIONTYPECODE, TRANSFERORDERTYPE, TRXSALESREPNAME, TRXSALESREPNUMBER, TRXTERRITORYID, TRXTERRITORYNAME, TXNCOUNTY, TXNCUSTOMERNAME, TXNCUSTOMERNUMBER, TXNSURGEONID, TXNSURGEONNAME, Z_TO_ZINDICATOR) VALUES ('TEST_3', 'TEST_3', 'TEST_3', 'TEST_3', 'TEST_3', '3000', '300.00', 'TEST_3', 'TEST_3', 'TEST_3', '3000', '3000', 'TEST_3', 'TEST_3', '3000', 'TEST_3', 'TEST_3', 'TEST_3', '3000', '3000', 'TEST_3', '3000', 'TEST_3', 'TEST_3', 'TEST_3', 'TEST_3', 'TEST_3', 'TEST_3', 'TEST_3', 'TEST_3', 'TEST_3', 'TEST_3', 'TEST_3', '2024-01-03', 'TEST_3', 'TEST_3', '300.00', '2024-01-03', 'TEST_3', 'TEST_3', '3000', 'TEST_3', '2024-01-03', 'TEST_3', 'TEST_3', '300.00', '300.00', 'TEST_3', 'TEST_3', 'TEST_3', 'TEST_3', 'TEST_3', '3000', 'TEST_3', 'TEST_3', 'TEST_3', 'TEST_3', '3000', 'TEST_3', 'TEST_3', 'TEST_3');

CREATE OR REPLACE TABLE MTRL_MASTER (
  APRVD_BTCH_RCRD_IND VARCHAR(500),
  AUTH_GRP VARCHAR(500),
  BASE_UOM VARCHAR(500),
  BASIC_MTRL VARCHAR(500),
  BATCH_MGMT_IND VARCHAR(500),
  BULK_LQD_IND VARCHAR(500),
  CAD_IND VARCHAR(500),
  CASE VARCHAR(500),
  CE_MARK_IND VARCHAR(500),
  CNTNR_RQRMNTS VARCHAR(500),
  CNTRY_OF_ORGN_CD VARCHAR(500),
  COMMODITY VARCHAR(500),
  DANGER_GOODS_IND VARCHAR(500),
  DCMNT_CHNG_NBR VARCHAR(500),
  DCMNT_NBR VARCHAR(500),
  DCMNT_PG_NBR VARCHAR(500),
  DCMNT_TP VARCHAR(500),
  DCMNT_VRSN VARCHAR(500),
  DEHP_FREE_IND VARCHAR(500),
  DELETION_FLG VARCHAR(500),
  DISPOSABLE_IND VARCHAR(500),
  DIVISION_CD VARCHAR(500),
  DPS_GENERIC_LOT VARCHAR(500),
  DPS_UOM_QTY VARCHAR(500),
  EAN_CAT VARCHAR(500),
  EAN_UPC_NBR VARCHAR(500),
  ECCN_NBR VARCHAR(500),
  ELSE VARCHAR(500),
  END VARCHAR(500),
  ENTRNL_MTRL_GRP VARCHAR(500),
  ENVMNT_RLVNT_IND VARCHAR(500),
  EXPIRY_IND VARCHAR(500),
  FDA_PROD_CD VARCHAR(500),
  GNRL_ITEM_CAT_GRP VARCHAR(500),
  HAZARDOUS_IND VARCHAR(500),
  HGLY_VSCS_IND VARCHAR(500),
  HNDLNG_UNIT_TP VARCHAR(500),
  HYP_BRAND_DESC VARCHAR(500),
  HYP_CD VARCHAR(500),
  HZRDS_MTRL_NBR VARCHAR(500),
  INDUSTRY_SCTR VARCHAR(500),
  INDUSTRY_STD_DESC VARCHAR(500),
  INSTRMNT_IND VARCHAR(500),
  LAB_DSGN_OFC VARCHAR(500),
  LATEX_IND VARCHAR(500),
  LBL_FORM VARCHAR(500),
  LBL_TP VARCHAR(500),
  LVL_7_CD VARCHAR(500),
  MAINT_STATUS VARCHAR(500),
  MERCURY_FREE_IND VARCHAR(500),
  MFG_NM VARCHAR(500),
  MFG_PT_NBR VARCHAR(500),
  MFG_PT_PRFL VARCHAR(500),
  MTRL_DESC VARCHAR(500),
  MTRL_DSCNT_IND VARCHAR(500),
  MTRL_FRT_GRP VARCHAR(500),
  MTRL_GRP VARCHAR(500),
  MTRL_NBR VARCHAR(500),
  MTRL_THK_IND VARCHAR(500),
  MTRL_THK_MSRMT VARCHAR(500),
  MTRL_TP VARCHAR(500),
  OLD_MTRL_NBR VARCHAR(500),
  PCKNG_CD VARCHAR(500),
  PG_FORMAT VARCHAR(500),
  PKGG_MTRL_TP VARCHAR(500),
  PKGNG_MTRL_GRP VARCHAR(500),
  PRCHSG_VALUE_KEY VARCHAR(500),
  PRCHS_ORDR_UNIT_IND VARCHAR(500),
  PRCHS_ORDR_UOM VARCHAR(500),
  PTO_RELEVANT VARCHAR(500),
  PTO_RELEVANT_QNTY VARCHAR(500),
  PVC_FREE_IND VARCHAR(500),
  REBOX_ID VARCHAR(500),
  REBOX_NW_IND VARCHAR(500),
  REBOX_WW_IND VARCHAR(500),
  REWORK_IND VARCHAR(500),
  SCRAP_ITM_IND VARCHAR(500),
  SERIALIZED_IND VARCHAR(500),
  SHPNG_RSTRCTN VARCHAR(500),
  SHPNG_TMPTR_CTRL_IND VARCHAR(500),
  SIZE_DIM VARCHAR(500),
  SLED_PERIOD_IND VARCHAR(500),
  SLED_RNDNG_RULE VARCHAR(500),
  SRL_NBR_LVL VARCHAR(500),
  STERILE_IND VARCHAR(500),
  STRG_CNDTN VARCHAR(500),
  TMPTR_CNDTN_IND VARCHAR(500),
  TO_VARCHARCREATED_DT VARCHAR(500),
  TO_VARCHARGROSS_WGT VARCHAR(500),
  TO_VARCHARGR_GL_SLIPS VARCHAR(500),
  TO_VARCHARMIN_SHLF_LF VARCHAR(500),
  TO_VARCHARMTRL_HGT VARCHAR(500),
  TO_VARCHARMTRL_LENGTH VARCHAR(500),
  TO_VARCHARMTRL_THK_LWR_LIMIT VARCHAR(500),
  TO_VARCHARMTRL_THK_UPR_LIMIT VARCHAR(500),
  TO_VARCHARMTRL_VOL VARCHAR(500),
  TO_VARCHARMTRL_WDTH VARCHAR(500),
  TO_VARCHARNET_WGT VARCHAR(500),
  TO_VARCHARSTRG_PCTG VARCHAR(500),
  TO_VARCHARTOT_SHLF_LF VARCHAR(500),
  TO_VARCHARX_PLNT_MTRL_STS_DT VARCHAR(500),
  UOD_VALUE VARCHAR(500),
  VOL_UNIT_CD VARCHAR(500),
  WGT_UNIT_CD VARCHAR(500),
  WHEN VARCHAR(500),
  X_PLNT_MTRL_STS VARCHAR(500)
);
INSERT INTO MTRL_MASTER (APRVD_BTCH_RCRD_IND, AUTH_GRP, BASE_UOM, BASIC_MTRL, BATCH_MGMT_IND, BULK_LQD_IND, CAD_IND, CASE, CE_MARK_IND, CNTNR_RQRMNTS, CNTRY_OF_ORGN_CD, COMMODITY, DANGER_GOODS_IND, DCMNT_CHNG_NBR, DCMNT_NBR, DCMNT_PG_NBR, DCMNT_TP, DCMNT_VRSN, DEHP_FREE_IND, DELETION_FLG, DISPOSABLE_IND, DIVISION_CD, DPS_GENERIC_LOT, DPS_UOM_QTY, EAN_CAT, EAN_UPC_NBR, ECCN_NBR, ELSE, END, ENTRNL_MTRL_GRP, ENVMNT_RLVNT_IND, EXPIRY_IND, FDA_PROD_CD, GNRL_ITEM_CAT_GRP, HAZARDOUS_IND, HGLY_VSCS_IND, HNDLNG_UNIT_TP, HYP_BRAND_DESC, HYP_CD, HZRDS_MTRL_NBR, INDUSTRY_SCTR, INDUSTRY_STD_DESC, INSTRMNT_IND, LAB_DSGN_OFC, LATEX_IND, LBL_FORM, LBL_TP, LVL_7_CD, MAINT_STATUS, MERCURY_FREE_IND, MFG_NM, MFG_PT_NBR, MFG_PT_PRFL, MTRL_DESC, MTRL_DSCNT_IND, MTRL_FRT_GRP, MTRL_GRP, MTRL_NBR, MTRL_THK_IND, MTRL_THK_MSRMT, MTRL_TP, OLD_MTRL_NBR, PCKNG_CD, PG_FORMAT, PKGG_MTRL_TP, PKGNG_MTRL_GRP, PRCHSG_VALUE_KEY, PRCHS_ORDR_UNIT_IND, PRCHS_ORDR_UOM, PTO_RELEVANT, PTO_RELEVANT_QNTY, PVC_FREE_IND, REBOX_ID, REBOX_NW_IND, REBOX_WW_IND, REWORK_IND, SCRAP_ITM_IND, SERIALIZED_IND, SHPNG_RSTRCTN, SHPNG_TMPTR_CTRL_IND, SIZE_DIM, SLED_PERIOD_IND, SLED_RNDNG_RULE, SRL_NBR_LVL, STERILE_IND, STRG_CNDTN, TMPTR_CNDTN_IND, TO_VARCHARCREATED_DT, TO_VARCHARGROSS_WGT, TO_VARCHARGR_GL_SLIPS, TO_VARCHARMIN_SHLF_LF, TO_VARCHARMTRL_HGT, TO_VARCHARMTRL_LENGTH, TO_VARCHARMTRL_THK_LWR_LIMIT, TO_VARCHARMTRL_THK_UPR_LIMIT, TO_VARCHARMTRL_VOL, TO_VARCHARMTRL_WDTH, TO_VARCHARNET_WGT, TO_VARCHARSTRG_PCTG, TO_VARCHARTOT_SHLF_LF, TO_VARCHARX_PLNT_MTRL_STS_DT, UOD_VALUE, VOL_UNIT_CD, WGT_UNIT_CD, WHEN, X_PLNT_MTRL_STS) VALUES ('TEST_1', 'TEST_1', 'TEST_1', 'TEST_1', 'TEST_1', 'TEST_1', 'TEST_1', 'TEST_1', 'TEST_1', 'TEST_1', 'TEST_1', 'TEST_1', 'TEST_1', '1000', '1000', '1000', 'TEST_1', 'TEST_1', 'TEST_1', 'TEST_1', 'TEST_1', 'TEST_1', 'TEST_1', '100.00', 'TEST_1', '1000', '1000', 'TEST_1', 'TEST_1', 'TEST_1', 'TEST_1', '2024-01-01', 'TEST_1', 'TEST_1', 'TEST_1', 'TEST_1', 'TEST_1', 'TEST_1', 'TEST_1', '1000', 'TEST_1', 'TEST_1', 'TEST_1', 'TEST_1', 'TEST_1', 'TEST_1', 'TEST_1', 'TEST_1', 'TEST_1', 'TEST_1', 'TEST_1', '1000', 'TEST_1', 'TEST_1', 'TEST_1', 'TEST_1', 'TEST_1', '1000', 'TEST_1', 'TEST_1', 'TEST_1', '1000', 'TEST_1', 'TEST_1', 'TEST_1', 'TEST_1', 'TEST_1', 'TEST_1', 'TEST_1', 'TEST_1', 'TEST_1', 'TEST_1', '1000', 'TEST_1', 'TEST_1', 'TEST_1', 'TEST_1', 'TEST_1', 'TEST_1', 'TEST_1', 'TEST_1', 'TEST_1', 'TEST_1', '1000', 'TEST_1', 'TEST_1', 'TEST_1', '2024-01-01', 'TEST_1', 'TEST_1', 'TEST_1', 'TEST_1', 'TEST_1', 'TEST_1', 'TEST_1', 'TEST_1', 'TEST_1', 'TEST_1', 'TEST_1', 'TEST_1', '2024-01-01', 'TEST_1', 'TEST_1', 'TEST_1', 'TEST_1', 'TEST_1');
INSERT INTO MTRL_MASTER (APRVD_BTCH_RCRD_IND, AUTH_GRP, BASE_UOM, BASIC_MTRL, BATCH_MGMT_IND, BULK_LQD_IND, CAD_IND, CASE, CE_MARK_IND, CNTNR_RQRMNTS, CNTRY_OF_ORGN_CD, COMMODITY, DANGER_GOODS_IND, DCMNT_CHNG_NBR, DCMNT_NBR, DCMNT_PG_NBR, DCMNT_TP, DCMNT_VRSN, DEHP_FREE_IND, DELETION_FLG, DISPOSABLE_IND, DIVISION_CD, DPS_GENERIC_LOT, DPS_UOM_QTY, EAN_CAT, EAN_UPC_NBR, ECCN_NBR, ELSE, END, ENTRNL_MTRL_GRP, ENVMNT_RLVNT_IND, EXPIRY_IND, FDA_PROD_CD, GNRL_ITEM_CAT_GRP, HAZARDOUS_IND, HGLY_VSCS_IND, HNDLNG_UNIT_TP, HYP_BRAND_DESC, HYP_CD, HZRDS_MTRL_NBR, INDUSTRY_SCTR, INDUSTRY_STD_DESC, INSTRMNT_IND, LAB_DSGN_OFC, LATEX_IND, LBL_FORM, LBL_TP, LVL_7_CD, MAINT_STATUS, MERCURY_FREE_IND, MFG_NM, MFG_PT_NBR, MFG_PT_PRFL, MTRL_DESC, MTRL_DSCNT_IND, MTRL_FRT_GRP, MTRL_GRP, MTRL_NBR, MTRL_THK_IND, MTRL_THK_MSRMT, MTRL_TP, OLD_MTRL_NBR, PCKNG_CD, PG_FORMAT, PKGG_MTRL_TP, PKGNG_MTRL_GRP, PRCHSG_VALUE_KEY, PRCHS_ORDR_UNIT_IND, PRCHS_ORDR_UOM, PTO_RELEVANT, PTO_RELEVANT_QNTY, PVC_FREE_IND, REBOX_ID, REBOX_NW_IND, REBOX_WW_IND, REWORK_IND, SCRAP_ITM_IND, SERIALIZED_IND, SHPNG_RSTRCTN, SHPNG_TMPTR_CTRL_IND, SIZE_DIM, SLED_PERIOD_IND, SLED_RNDNG_RULE, SRL_NBR_LVL, STERILE_IND, STRG_CNDTN, TMPTR_CNDTN_IND, TO_VARCHARCREATED_DT, TO_VARCHARGROSS_WGT, TO_VARCHARGR_GL_SLIPS, TO_VARCHARMIN_SHLF_LF, TO_VARCHARMTRL_HGT, TO_VARCHARMTRL_LENGTH, TO_VARCHARMTRL_THK_LWR_LIMIT, TO_VARCHARMTRL_THK_UPR_LIMIT, TO_VARCHARMTRL_VOL, TO_VARCHARMTRL_WDTH, TO_VARCHARNET_WGT, TO_VARCHARSTRG_PCTG, TO_VARCHARTOT_SHLF_LF, TO_VARCHARX_PLNT_MTRL_STS_DT, UOD_VALUE, VOL_UNIT_CD, WGT_UNIT_CD, WHEN, X_PLNT_MTRL_STS) VALUES ('TEST_2', 'TEST_2', 'TEST_2', 'TEST_2', 'TEST_2', 'TEST_2', 'TEST_2', 'TEST_2', 'TEST_2', 'TEST_2', 'TEST_2', 'TEST_2', 'TEST_2', '2000', '2000', '2000', 'TEST_2', 'TEST_2', 'TEST_2', 'TEST_2', 'TEST_2', 'TEST_2', 'TEST_2', '200.00', 'TEST_2', '2000', '2000', 'TEST_2', 'TEST_2', 'TEST_2', 'TEST_2', '2024-01-02', 'TEST_2', 'TEST_2', 'TEST_2', 'TEST_2', 'TEST_2', 'TEST_2', 'TEST_2', '2000', 'TEST_2', 'TEST_2', 'TEST_2', 'TEST_2', 'TEST_2', 'TEST_2', 'TEST_2', 'TEST_2', 'TEST_2', 'TEST_2', 'TEST_2', '2000', 'TEST_2', 'TEST_2', 'TEST_2', 'TEST_2', 'TEST_2', '2000', 'TEST_2', 'TEST_2', 'TEST_2', '2000', 'TEST_2', 'TEST_2', 'TEST_2', 'TEST_2', 'TEST_2', 'TEST_2', 'TEST_2', 'TEST_2', 'TEST_2', 'TEST_2', '2000', 'TEST_2', 'TEST_2', 'TEST_2', 'TEST_2', 'TEST_2', 'TEST_2', 'TEST_2', 'TEST_2', 'TEST_2', 'TEST_2', '2000', 'TEST_2', 'TEST_2', 'TEST_2', '2024-01-02', 'TEST_2', 'TEST_2', 'TEST_2', 'TEST_2', 'TEST_2', 'TEST_2', 'TEST_2', 'TEST_2', 'TEST_2', 'TEST_2', 'TEST_2', 'TEST_2', '2024-01-02', 'TEST_2', 'TEST_2', 'TEST_2', 'TEST_2', 'TEST_2');
INSERT INTO MTRL_MASTER (APRVD_BTCH_RCRD_IND, AUTH_GRP, BASE_UOM, BASIC_MTRL, BATCH_MGMT_IND, BULK_LQD_IND, CAD_IND, CASE, CE_MARK_IND, CNTNR_RQRMNTS, CNTRY_OF_ORGN_CD, COMMODITY, DANGER_GOODS_IND, DCMNT_CHNG_NBR, DCMNT_NBR, DCMNT_PG_NBR, DCMNT_TP, DCMNT_VRSN, DEHP_FREE_IND, DELETION_FLG, DISPOSABLE_IND, DIVISION_CD, DPS_GENERIC_LOT, DPS_UOM_QTY, EAN_CAT, EAN_UPC_NBR, ECCN_NBR, ELSE, END, ENTRNL_MTRL_GRP, ENVMNT_RLVNT_IND, EXPIRY_IND, FDA_PROD_CD, GNRL_ITEM_CAT_GRP, HAZARDOUS_IND, HGLY_VSCS_IND, HNDLNG_UNIT_TP, HYP_BRAND_DESC, HYP_CD, HZRDS_MTRL_NBR, INDUSTRY_SCTR, INDUSTRY_STD_DESC, INSTRMNT_IND, LAB_DSGN_OFC, LATEX_IND, LBL_FORM, LBL_TP, LVL_7_CD, MAINT_STATUS, MERCURY_FREE_IND, MFG_NM, MFG_PT_NBR, MFG_PT_PRFL, MTRL_DESC, MTRL_DSCNT_IND, MTRL_FRT_GRP, MTRL_GRP, MTRL_NBR, MTRL_THK_IND, MTRL_THK_MSRMT, MTRL_TP, OLD_MTRL_NBR, PCKNG_CD, PG_FORMAT, PKGG_MTRL_TP, PKGNG_MTRL_GRP, PRCHSG_VALUE_KEY, PRCHS_ORDR_UNIT_IND, PRCHS_ORDR_UOM, PTO_RELEVANT, PTO_RELEVANT_QNTY, PVC_FREE_IND, REBOX_ID, REBOX_NW_IND, REBOX_WW_IND, REWORK_IND, SCRAP_ITM_IND, SERIALIZED_IND, SHPNG_RSTRCTN, SHPNG_TMPTR_CTRL_IND, SIZE_DIM, SLED_PERIOD_IND, SLED_RNDNG_RULE, SRL_NBR_LVL, STERILE_IND, STRG_CNDTN, TMPTR_CNDTN_IND, TO_VARCHARCREATED_DT, TO_VARCHARGROSS_WGT, TO_VARCHARGR_GL_SLIPS, TO_VARCHARMIN_SHLF_LF, TO_VARCHARMTRL_HGT, TO_VARCHARMTRL_LENGTH, TO_VARCHARMTRL_THK_LWR_LIMIT, TO_VARCHARMTRL_THK_UPR_LIMIT, TO_VARCHARMTRL_VOL, TO_VARCHARMTRL_WDTH, TO_VARCHARNET_WGT, TO_VARCHARSTRG_PCTG, TO_VARCHARTOT_SHLF_LF, TO_VARCHARX_PLNT_MTRL_STS_DT, UOD_VALUE, VOL_UNIT_CD, WGT_UNIT_CD, WHEN, X_PLNT_MTRL_STS) VALUES ('TEST_3', 'TEST_3', 'TEST_3', 'TEST_3', 'TEST_3', 'TEST_3', 'TEST_3', 'TEST_3', 'TEST_3', 'TEST_3', 'TEST_3', 'TEST_3', 'TEST_3', '3000', '3000', '3000', 'TEST_3', 'TEST_3', 'TEST_3', 'TEST_3', 'TEST_3', 'TEST_3', 'TEST_3', '300.00', 'TEST_3', '3000', '3000', 'TEST_3', 'TEST_3', 'TEST_3', 'TEST_3', '2024-01-03', 'TEST_3', 'TEST_3', 'TEST_3', 'TEST_3', 'TEST_3', 'TEST_3', 'TEST_3', '3000', 'TEST_3', 'TEST_3', 'TEST_3', 'TEST_3', 'TEST_3', 'TEST_3', 'TEST_3', 'TEST_3', 'TEST_3', 'TEST_3', 'TEST_3', '3000', 'TEST_3', 'TEST_3', 'TEST_3', 'TEST_3', 'TEST_3', '3000', 'TEST_3', 'TEST_3', 'TEST_3', '3000', 'TEST_3', 'TEST_3', 'TEST_3', 'TEST_3', 'TEST_3', 'TEST_3', 'TEST_3', 'TEST_3', 'TEST_3', 'TEST_3', '3000', 'TEST_3', 'TEST_3', 'TEST_3', 'TEST_3', 'TEST_3', 'TEST_3', 'TEST_3', 'TEST_3', 'TEST_3', 'TEST_3', '3000', 'TEST_3', 'TEST_3', 'TEST_3', '2024-01-03', 'TEST_3', 'TEST_3', 'TEST_3', 'TEST_3', 'TEST_3', 'TEST_3', 'TEST_3', 'TEST_3', 'TEST_3', 'TEST_3', 'TEST_3', 'TEST_3', '2024-01-03', 'TEST_3', 'TEST_3', 'TEST_3', 'TEST_3', 'TEST_3');

CREATE OR REPLACE TABLE ZJGLAPTIN (
  AMOUNT_LOC_ZJ VARCHAR(500),
  AMOUNT_ZJ VARCHAR(500),
  DATAPAKID VARCHAR(500),
  DESC_LONG_ZJ VARCHAR(500),
  FISCAL_PER_ZJ VARCHAR(500),
  GLANI_ZJ VARCHAR(500),
  GLBCRC_ZJ VARCHAR(500),
  GLCRCD_ZJ VARCHAR(500),
  GLDCT_ZJ VARCHAR(500),
  GLDGJ_ZJ VARCHAR(500),
  GLDOC_ZJ VARCHAR(500),
  GLEXR_ZJ VARCHAR(500),
  GLJELN_ZJ VARCHAR(500),
  GLMCU_ZJ VARCHAR(500),
  GLPO_ZJ VARCHAR(500),
  GLSBL_ZJ VARCHAR(500),
  GLVINV_ZJ VARCHAR(500),
  GMDL01_ZJ VARCHAR(500),
  LINE_DESC_ZJ VARCHAR(500),
  OHREQUID VARCHAR(500),
  RECORD VARCHAR(500),
  VENDOR_ID_ZJ VARCHAR(500),
  VENDOR_NAME_ZJ VARCHAR(500)
);
INSERT INTO ZJGLAPTIN (AMOUNT_LOC_ZJ, AMOUNT_ZJ, DATAPAKID, DESC_LONG_ZJ, FISCAL_PER_ZJ, GLANI_ZJ, GLBCRC_ZJ, GLCRCD_ZJ, GLDCT_ZJ, GLDGJ_ZJ, GLDOC_ZJ, GLEXR_ZJ, GLJELN_ZJ, GLMCU_ZJ, GLPO_ZJ, GLSBL_ZJ, GLVINV_ZJ, GMDL01_ZJ, LINE_DESC_ZJ, OHREQUID, RECORD, VENDOR_ID_ZJ, VENDOR_NAME_ZJ) VALUES ('100.00', '100.00', 'TEST_1', 'TEST_1', 'TEST_1', 'TEST_1', 'TEST_1', 'TEST_1', 'TEST_1', 'TEST_1', 'TEST_1', 'TEST_1', 'TEST_1', 'TEST_1', 'TEST_1', 'TEST_1', 'TEST_1', 'TEST_1', 'TEST_1', 'TEST_1', 'TEST_1', '1000', 'TEST_1');
INSERT INTO ZJGLAPTIN (AMOUNT_LOC_ZJ, AMOUNT_ZJ, DATAPAKID, DESC_LONG_ZJ, FISCAL_PER_ZJ, GLANI_ZJ, GLBCRC_ZJ, GLCRCD_ZJ, GLDCT_ZJ, GLDGJ_ZJ, GLDOC_ZJ, GLEXR_ZJ, GLJELN_ZJ, GLMCU_ZJ, GLPO_ZJ, GLSBL_ZJ, GLVINV_ZJ, GMDL01_ZJ, LINE_DESC_ZJ, OHREQUID, RECORD, VENDOR_ID_ZJ, VENDOR_NAME_ZJ) VALUES ('200.00', '200.00', 'TEST_2', 'TEST_2', 'TEST_2', 'TEST_2', 'TEST_2', 'TEST_2', 'TEST_2', 'TEST_2', 'TEST_2', 'TEST_2', 'TEST_2', 'TEST_2', 'TEST_2', 'TEST_2', 'TEST_2', 'TEST_2', 'TEST_2', 'TEST_2', 'TEST_2', '2000', 'TEST_2');
INSERT INTO ZJGLAPTIN (AMOUNT_LOC_ZJ, AMOUNT_ZJ, DATAPAKID, DESC_LONG_ZJ, FISCAL_PER_ZJ, GLANI_ZJ, GLBCRC_ZJ, GLCRCD_ZJ, GLDCT_ZJ, GLDGJ_ZJ, GLDOC_ZJ, GLEXR_ZJ, GLJELN_ZJ, GLMCU_ZJ, GLPO_ZJ, GLSBL_ZJ, GLVINV_ZJ, GMDL01_ZJ, LINE_DESC_ZJ, OHREQUID, RECORD, VENDOR_ID_ZJ, VENDOR_NAME_ZJ) VALUES ('300.00', '300.00', 'TEST_3', 'TEST_3', 'TEST_3', 'TEST_3', 'TEST_3', 'TEST_3', 'TEST_3', 'TEST_3', 'TEST_3', 'TEST_3', 'TEST_3', 'TEST_3', 'TEST_3', 'TEST_3', 'TEST_3', 'TEST_3', 'TEST_3', 'TEST_3', 'TEST_3', '3000', 'TEST_3');

CREATE OR REPLACE TABLE CSTMR_RGSTRD_MARK_JN_GRP (
  MARK_CD VARCHAR(500)
);
INSERT INTO CSTMR_RGSTRD_MARK_JN_GRP (MARK_CD) VALUES ('TEST_1');
INSERT INTO CSTMR_RGSTRD_MARK_JN_GRP (MARK_CD) VALUES ('TEST_2');
INSERT INTO CSTMR_RGSTRD_MARK_JN_GRP (MARK_CD) VALUES ('TEST_3');

CREATE OR REPLACE TABLE DIM_EQUIPMENT (
  AAR_CAR_CD VARCHAR(500),
  AAR_CAR_CD_ID VARCHAR(500),
  AAR_EQPMNT_POOL_ID VARCHAR(500),
  AXLE_QTY VARCHAR(500),
  BUILT_DT VARCHAR(500),
  CAR_KIND_CD VARCHAR(500),
  CAR_OWNERSHIP VARCHAR(500),
  CPR_EQPMNT_POOL_ID VARCHAR(500),
  CP_OWNED_IND VARCHAR(500),
  DIM_EQUIPMENT_ID VARCHAR(500),
  DLTD_TMS VARCHAR(500),
  DMTR_UOM_BASIS_CD VARCHAR(500),
  EDW_CREATE_TMS VARCHAR(500),
  EDW_CREATE_USER VARCHAR(500),
  EDW_CURRENT_FLG VARCHAR(500),
  EDW_END_EFCTV_DT VARCHAR(500),
  EDW_SRC_BK_MD5_ID VARCHAR(500),
  EDW_SRC_BPK_MD5_ID VARCHAR(500),
  EDW_START_EFCTV_DT VARCHAR(500),
  EDW_UPDATE_TMS VARCHAR(500),
  EDW_UPDATE_USER VARCHAR(500),
  EFCTV_TMS VARCHAR(500),
  EIN_NBR VARCHAR(500),
  EQPMNT_GROUP_CD VARCHAR(500),
  EQPMNT_POOL_ID VARCHAR(500),
  EQPUN_NBR VARCHAR(500),
  FLEET_NM VARCHAR(500),
  FLEET_SBGRP_CTGRY_NM VARCHAR(500),
  GROSS_WEIGHT_QTY VARCHAR(500),
  GROSS_WEIGHT_UOM_BASIS_CD VARCHAR(500),
  LEASED_IND VARCHAR(500),
  LESSEE_MARK_CD VARCHAR(500),
  LINEAL_FRCTNL_UOM_BASIS_CD VARCHAR(500),
  LINEAL_UOM_BASIS_CD VARCHAR(500),
  LIQUID_UOM_BASIS_CD VARCHAR(500),
  MARK_CD VARCHAR(500),
  MAX_EFCTV_TMS VARCHAR(500),
  MCHNCL_DSGNTN_CD VARCHAR(500),
  OTSD_EXTRM_HEIGHT_QTY VARCHAR(500),
  OTSD_EXTRM_WIDTH_QTY VARCHAR(500),
  OTSD_HEIGHT_EXTRM_WIDTH_QTY VARCHAR(500),
  OTSD_LENGTH_QTY VARCHAR(500),
  OWNER_MARK_CD VARCHAR(500),
  PARTY_NM VARCHAR(500),
  PLATE_CLRNC_CD VARCHAR(500),
  PRDCT_NM VARCHAR(500),
  PRIOR_EQPUN_NBR VARCHAR(500),
  PRIOR_MARK_CD VARCHAR(500),
  RATE_CD VARCHAR(500),
  RBLT_CD VARCHAR(500),
  RBLT_DT VARCHAR(500),
  REGISTERED_IND VARCHAR(500),
  SPEED_UOM_BASIS_CD VARCHAR(500),
  SRVC_LIFE_CD VARCHAR(500),
  STATUS_CD VARCHAR(500),
  STNCL_MARK_OWNER_CLASS_CD VARCHAR(500),
  TARE_WEIGHT_QTY VARCHAR(500),
  TARGET_EQPMT_CTGRY_NM VARCHAR(500),
  UCA_CODES VARCHAR(500),
  VOLUME_UOM_BASIS_CD VARCHAR(500),
  WEIGHT_UOM_BASIS_CD VARCHAR(500)
);
INSERT INTO DIM_EQUIPMENT (AAR_CAR_CD, AAR_CAR_CD_ID, AAR_EQPMNT_POOL_ID, AXLE_QTY, BUILT_DT, CAR_KIND_CD, CAR_OWNERSHIP, CPR_EQPMNT_POOL_ID, CP_OWNED_IND, DIM_EQUIPMENT_ID, DLTD_TMS, DMTR_UOM_BASIS_CD, EDW_CREATE_TMS, EDW_CREATE_USER, EDW_CURRENT_FLG, EDW_END_EFCTV_DT, EDW_SRC_BK_MD5_ID, EDW_SRC_BPK_MD5_ID, EDW_START_EFCTV_DT, EDW_UPDATE_TMS, EDW_UPDATE_USER, EFCTV_TMS, EIN_NBR, EQPMNT_GROUP_CD, EQPMNT_POOL_ID, EQPUN_NBR, FLEET_NM, FLEET_SBGRP_CTGRY_NM, GROSS_WEIGHT_QTY, GROSS_WEIGHT_UOM_BASIS_CD, LEASED_IND, LESSEE_MARK_CD, LINEAL_FRCTNL_UOM_BASIS_CD, LINEAL_UOM_BASIS_CD, LIQUID_UOM_BASIS_CD, MARK_CD, MAX_EFCTV_TMS, MCHNCL_DSGNTN_CD, OTSD_EXTRM_HEIGHT_QTY, OTSD_EXTRM_WIDTH_QTY, OTSD_HEIGHT_EXTRM_WIDTH_QTY, OTSD_LENGTH_QTY, OWNER_MARK_CD, PARTY_NM, PLATE_CLRNC_CD, PRDCT_NM, PRIOR_EQPUN_NBR, PRIOR_MARK_CD, RATE_CD, RBLT_CD, RBLT_DT, REGISTERED_IND, SPEED_UOM_BASIS_CD, SRVC_LIFE_CD, STATUS_CD, STNCL_MARK_OWNER_CLASS_CD, TARE_WEIGHT_QTY, TARGET_EQPMT_CTGRY_NM, UCA_CODES, VOLUME_UOM_BASIS_CD, WEIGHT_UOM_BASIS_CD) VALUES ('TEST_1', '1000', '1000', '100.00', '2024-01-01', 'TEST_1', 'TEST_1', '1000', 'TEST_1', '1000', '2024-01-01', 'TEST_1', '2024-01-01', 'TEST_1', 'TEST_1', '2024-01-01', '1000', '1000', '2024-01-01', '2024-01-01', '2024-01-01', '2024-01-01', '1000', 'TEST_1', '1000', '1000', 'TEST_1', 'TEST_1', '100.00', '100.00', 'TEST_1', 'TEST_1', 'TEST_1', 'TEST_1', 'TEST_1', 'TEST_1', '2024-01-01', 'TEST_1', '100.00', '100.00', '100.00', '100.00', 'TEST_1', 'TEST_1', 'TEST_1', 'TEST_1', '1000', 'TEST_1', 'TEST_1', 'TEST_1', '2024-01-01', 'TEST_1', 'TEST_1', 'TEST_1', 'TEST_1', 'TEST_1', '100.00', 'TEST_1', 'TEST_1', 'TEST_1', '100.00');
INSERT INTO DIM_EQUIPMENT (AAR_CAR_CD, AAR_CAR_CD_ID, AAR_EQPMNT_POOL_ID, AXLE_QTY, BUILT_DT, CAR_KIND_CD, CAR_OWNERSHIP, CPR_EQPMNT_POOL_ID, CP_OWNED_IND, DIM_EQUIPMENT_ID, DLTD_TMS, DMTR_UOM_BASIS_CD, EDW_CREATE_TMS, EDW_CREATE_USER, EDW_CURRENT_FLG, EDW_END_EFCTV_DT, EDW_SRC_BK_MD5_ID, EDW_SRC_BPK_MD5_ID, EDW_START_EFCTV_DT, EDW_UPDATE_TMS, EDW_UPDATE_USER, EFCTV_TMS, EIN_NBR, EQPMNT_GROUP_CD, EQPMNT_POOL_ID, EQPUN_NBR, FLEET_NM, FLEET_SBGRP_CTGRY_NM, GROSS_WEIGHT_QTY, GROSS_WEIGHT_UOM_BASIS_CD, LEASED_IND, LESSEE_MARK_CD, LINEAL_FRCTNL_UOM_BASIS_CD, LINEAL_UOM_BASIS_CD, LIQUID_UOM_BASIS_CD, MARK_CD, MAX_EFCTV_TMS, MCHNCL_DSGNTN_CD, OTSD_EXTRM_HEIGHT_QTY, OTSD_EXTRM_WIDTH_QTY, OTSD_HEIGHT_EXTRM_WIDTH_QTY, OTSD_LENGTH_QTY, OWNER_MARK_CD, PARTY_NM, PLATE_CLRNC_CD, PRDCT_NM, PRIOR_EQPUN_NBR, PRIOR_MARK_CD, RATE_CD, RBLT_CD, RBLT_DT, REGISTERED_IND, SPEED_UOM_BASIS_CD, SRVC_LIFE_CD, STATUS_CD, STNCL_MARK_OWNER_CLASS_CD, TARE_WEIGHT_QTY, TARGET_EQPMT_CTGRY_NM, UCA_CODES, VOLUME_UOM_BASIS_CD, WEIGHT_UOM_BASIS_CD) VALUES ('TEST_2', '2000', '2000', '200.00', '2024-01-02', 'TEST_2', 'TEST_2', '2000', 'TEST_2', '2000', '2024-01-02', 'TEST_2', '2024-01-02', 'TEST_2', 'TEST_2', '2024-01-02', '2000', '2000', '2024-01-02', '2024-01-02', '2024-01-02', '2024-01-02', '2000', 'TEST_2', '2000', '2000', 'TEST_2', 'TEST_2', '200.00', '200.00', 'TEST_2', 'TEST_2', 'TEST_2', 'TEST_2', 'TEST_2', 'TEST_2', '2024-01-02', 'TEST_2', '200.00', '200.00', '200.00', '200.00', 'TEST_2', 'TEST_2', 'TEST_2', 'TEST_2', '2000', 'TEST_2', 'TEST_2', 'TEST_2', '2024-01-02', 'TEST_2', 'TEST_2', 'TEST_2', 'TEST_2', 'TEST_2', '200.00', 'TEST_2', 'TEST_2', 'TEST_2', '200.00');
INSERT INTO DIM_EQUIPMENT (AAR_CAR_CD, AAR_CAR_CD_ID, AAR_EQPMNT_POOL_ID, AXLE_QTY, BUILT_DT, CAR_KIND_CD, CAR_OWNERSHIP, CPR_EQPMNT_POOL_ID, CP_OWNED_IND, DIM_EQUIPMENT_ID, DLTD_TMS, DMTR_UOM_BASIS_CD, EDW_CREATE_TMS, EDW_CREATE_USER, EDW_CURRENT_FLG, EDW_END_EFCTV_DT, EDW_SRC_BK_MD5_ID, EDW_SRC_BPK_MD5_ID, EDW_START_EFCTV_DT, EDW_UPDATE_TMS, EDW_UPDATE_USER, EFCTV_TMS, EIN_NBR, EQPMNT_GROUP_CD, EQPMNT_POOL_ID, EQPUN_NBR, FLEET_NM, FLEET_SBGRP_CTGRY_NM, GROSS_WEIGHT_QTY, GROSS_WEIGHT_UOM_BASIS_CD, LEASED_IND, LESSEE_MARK_CD, LINEAL_FRCTNL_UOM_BASIS_CD, LINEAL_UOM_BASIS_CD, LIQUID_UOM_BASIS_CD, MARK_CD, MAX_EFCTV_TMS, MCHNCL_DSGNTN_CD, OTSD_EXTRM_HEIGHT_QTY, OTSD_EXTRM_WIDTH_QTY, OTSD_HEIGHT_EXTRM_WIDTH_QTY, OTSD_LENGTH_QTY, OWNER_MARK_CD, PARTY_NM, PLATE_CLRNC_CD, PRDCT_NM, PRIOR_EQPUN_NBR, PRIOR_MARK_CD, RATE_CD, RBLT_CD, RBLT_DT, REGISTERED_IND, SPEED_UOM_BASIS_CD, SRVC_LIFE_CD, STATUS_CD, STNCL_MARK_OWNER_CLASS_CD, TARE_WEIGHT_QTY, TARGET_EQPMT_CTGRY_NM, UCA_CODES, VOLUME_UOM_BASIS_CD, WEIGHT_UOM_BASIS_CD) VALUES ('TEST_3', '3000', '3000', '300.00', '2024-01-03', 'TEST_3', 'TEST_3', '3000', 'TEST_3', '3000', '2024-01-03', 'TEST_3', '2024-01-03', 'TEST_3', 'TEST_3', '2024-01-03', '3000', '3000', '2024-01-03', '2024-01-03', '2024-01-03', '2024-01-03', '3000', 'TEST_3', '3000', '3000', 'TEST_3', 'TEST_3', '300.00', '300.00', 'TEST_3', 'TEST_3', 'TEST_3', 'TEST_3', 'TEST_3', 'TEST_3', '2024-01-03', 'TEST_3', '300.00', '300.00', '300.00', '300.00', 'TEST_3', 'TEST_3', 'TEST_3', 'TEST_3', '3000', 'TEST_3', 'TEST_3', 'TEST_3', '2024-01-03', 'TEST_3', 'TEST_3', 'TEST_3', 'TEST_3', 'TEST_3', '300.00', 'TEST_3', 'TEST_3', 'TEST_3', '300.00');

CREATE OR REPLACE TABLE DIM_LOCOMOTIVE (
  EQPUN_NBR VARCHAR(500),
  HRSPWR_QTY VARCHAR(500),
  MARK_CD VARCHAR(500)
);
INSERT INTO DIM_LOCOMOTIVE (EQPUN_NBR, HRSPWR_QTY, MARK_CD) VALUES ('1000', '100.00', 'TEST_1');
INSERT INTO DIM_LOCOMOTIVE (EQPUN_NBR, HRSPWR_QTY, MARK_CD) VALUES ('2000', '200.00', 'TEST_2');
INSERT INTO DIM_LOCOMOTIVE (EQPUN_NBR, HRSPWR_QTY, MARK_CD) VALUES ('3000', '300.00', 'TEST_3');

CREATE OR REPLACE TABLE EME_CAR_KIND_TRNSLT_PRCS (
  CAR_KIND_CD VARCHAR(500),
  END_AAR_CAR_CD VARCHAR(500),
  START_AAR_CAR_CD VARCHAR(500)
);
INSERT INTO EME_CAR_KIND_TRNSLT_PRCS (CAR_KIND_CD, END_AAR_CAR_CD, START_AAR_CAR_CD) VALUES ('TEST_1', '100.00', '100.00');
INSERT INTO EME_CAR_KIND_TRNSLT_PRCS (CAR_KIND_CD, END_AAR_CAR_CD, START_AAR_CAR_CD) VALUES ('TEST_2', '200.00', '200.00');
INSERT INTO EME_CAR_KIND_TRNSLT_PRCS (CAR_KIND_CD, END_AAR_CAR_CD, START_AAR_CAR_CD) VALUES ('TEST_3', '300.00', '300.00');

CREATE OR REPLACE TABLE EQPMNT_AAR_BASE (
  AAR_ADD_TMS VARCHAR(500),
  AAR_CAR_CD VARCHAR(500),
  AAR_CAR_CODE_ID VARCHAR(500),
  AAR_UPDATE_TMS VARCHAR(500),
  ALTRNT_CAR_CD VARCHAR(500),
  ALTRNT_CAR_CD_ID VARCHAR(500),
  AXLE_QTY VARCHAR(500),
  BLDR_CD VARCHAR(500),
  BLDR_LOT_TXT VARCHAR(500),
  BUILT_DT VARCHAR(500),
  CMRCL_LESSEE_CIF_TXT VARCHAR(500),
  CMRCL_OWNER_CIF_TXT VARCHAR(500),
  CNFLCT_STATUS_CD VARCHAR(500),
  CREATE_DATA_SOURCE_CD VARCHAR(500),
  CREATE_USER_ID VARCHAR(500),
  CRNT_CNFLCT_STATUS_DT VARCHAR(500),
  DELETE_REASON_CD VARCHAR(500),
  DLTD_TMS VARCHAR(500),
  DMTR_UOM_BASIS_CD VARCHAR(500),
  ECP_BRAKE_BLDR_CD VARCHAR(500),
  ECP_BRAKE_TYPE_CD VARCHAR(500),
  EDW_CREATE_TMS VARCHAR(500),
  EDW_CREATE_USER VARCHAR(500),
  EDW_UPDATE_TMS VARCHAR(500),
  EDW_UPDATE_USER VARCHAR(500),
  EFCTV_TMS VARCHAR(500),
  EIN_DPLCTN_CD VARCHAR(500),
  EIN_NBR VARCHAR(500),
  EQPMNT_ADD_RPRTR_CMPNY_MARK_CD VARCHAR(500),
  EQPMNT_DSGNTN_CD VARCHAR(500),
  EQPMNT_GROUP_CD VARCHAR(500),
  EQPMNT_ID VARCHAR(500),
  EQPMNT_MNGMNT_CODE_ASCTN_ID VARCHAR(500),
  EQPMNT_POOL_ID VARCHAR(500),
  EQPUN_NBR VARCHAR(500),
  EXPIRY_TMS VARCHAR(500),
  FIRST_MVMNT_TMS VARCHAR(500),
  GROSS_WEIGHT_QTY VARCHAR(500),
  GROSS_WEIGHT_UOM_BASIS_CD VARCHAR(500),
  LINEAL_FRCTNL_UOM_BASIS_CD VARCHAR(500),
  LINEAL_UOM_BASIS_CD VARCHAR(500),
  LIQUID_UOM_BASIS_CD VARCHAR(500),
  MARK_CD VARCHAR(500),
  MASTER_EQPMNT_ID VARCHAR(500),
  MCHNCL_DSGNTN_CD VARCHAR(500),
  MNFCTR_CNTRY_CD VARCHAR(500),
  NEXT_CNFLCT_STATUS_CD VARCHAR(500),
  NEXT_CNFLCT_STATUS_DT VARCHAR(500),
  NOTICE_MGMNT_INDCTR_CD VARCHAR(500),
  OPRTNG_BRAKE_QTY VARCHAR(500),
  OTSD_EXTRM_HEIGHT_QTY VARCHAR(500),
  OTSD_EXTRM_WIDTH_QTY VARCHAR(500),
  OTSD_HEIGHT_EXTRM_WIDTH_QTY VARCHAR(500),
  OTSD_LENGTH_QTY VARCHAR(500),
  OWNER_MARK_CD VARCHAR(500),
  PLATE_CLRNC_CD VARCHAR(500),
  PRIOR_EQPUN_NBR VARCHAR(500),
  PRIOR_MARK_CD VARCHAR(500),
  RATE_CD VARCHAR(500),
  RBLT_CD VARCHAR(500),
  RBLT_DT VARCHAR(500),
  RECORD_CREATE_TMS VARCHAR(500),
  RECORD_UPDATE_TMS VARCHAR(500),
  RGSTRN_REASON_CD VARCHAR(500),
  RSTNCL_PRGRM_CD VARCHAR(500),
  SOURCE_CREATE_PARTY_RLTNSH_ID VARCHAR(500),
  SOURCE_CREATE_USER_ID VARCHAR(500),
  SOURCE_UPDATE_PARTY_RLTNSH_ID VARCHAR(500),
  SOURCE_UPDATE_USER_ID VARCHAR(500),
  SPEED_UOM_BASIS_CD VARCHAR(500),
  SRVC_LIFE_CD VARCHAR(500),
  STATUS_CD VARCHAR(500),
  STATUS_CHANGE_REASON_CD VARCHAR(500),
  STATUS_CHANGE_TMS VARCHAR(500),
  STNCL_MARK_OWNER_CLASS_CD VARCHAR(500),
  TARE_WEIGHT_QTY VARCHAR(500),
  TRUCK_CENTER_LENGTH_QTY VARCHAR(500),
  TRUCK_QTY VARCHAR(500),
  UPDATE_DATA_SOURCE_CD VARCHAR(500),
  UPDATE_USER_ID VARCHAR(500),
  VOLUME_UOM_BASIS_CD VARCHAR(500),
  WEIGHT_UOM_BASIS_CD VARCHAR(500),
  WHEEL_BRNG_CD VARCHAR(500)
);
INSERT INTO EQPMNT_AAR_BASE (AAR_ADD_TMS, AAR_CAR_CD, AAR_CAR_CODE_ID, AAR_UPDATE_TMS, ALTRNT_CAR_CD, ALTRNT_CAR_CD_ID, AXLE_QTY, BLDR_CD, BLDR_LOT_TXT, BUILT_DT, CMRCL_LESSEE_CIF_TXT, CMRCL_OWNER_CIF_TXT, CNFLCT_STATUS_CD, CREATE_DATA_SOURCE_CD, CREATE_USER_ID, CRNT_CNFLCT_STATUS_DT, DELETE_REASON_CD, DLTD_TMS, DMTR_UOM_BASIS_CD, ECP_BRAKE_BLDR_CD, ECP_BRAKE_TYPE_CD, EDW_CREATE_TMS, EDW_CREATE_USER, EDW_UPDATE_TMS, EDW_UPDATE_USER, EFCTV_TMS, EIN_DPLCTN_CD, EIN_NBR, EQPMNT_ADD_RPRTR_CMPNY_MARK_CD, EQPMNT_DSGNTN_CD, EQPMNT_GROUP_CD, EQPMNT_ID, EQPMNT_MNGMNT_CODE_ASCTN_ID, EQPMNT_POOL_ID, EQPUN_NBR, EXPIRY_TMS, FIRST_MVMNT_TMS, GROSS_WEIGHT_QTY, GROSS_WEIGHT_UOM_BASIS_CD, LINEAL_FRCTNL_UOM_BASIS_CD, LINEAL_UOM_BASIS_CD, LIQUID_UOM_BASIS_CD, MARK_CD, MASTER_EQPMNT_ID, MCHNCL_DSGNTN_CD, MNFCTR_CNTRY_CD, NEXT_CNFLCT_STATUS_CD, NEXT_CNFLCT_STATUS_DT, NOTICE_MGMNT_INDCTR_CD, OPRTNG_BRAKE_QTY, OTSD_EXTRM_HEIGHT_QTY, OTSD_EXTRM_WIDTH_QTY, OTSD_HEIGHT_EXTRM_WIDTH_QTY, OTSD_LENGTH_QTY, OWNER_MARK_CD, PLATE_CLRNC_CD, PRIOR_EQPUN_NBR, PRIOR_MARK_CD, RATE_CD, RBLT_CD, RBLT_DT, RECORD_CREATE_TMS, RECORD_UPDATE_TMS, RGSTRN_REASON_CD, RSTNCL_PRGRM_CD, SOURCE_CREATE_PARTY_RLTNSH_ID, SOURCE_CREATE_USER_ID, SOURCE_UPDATE_PARTY_RLTNSH_ID, SOURCE_UPDATE_USER_ID, SPEED_UOM_BASIS_CD, SRVC_LIFE_CD, STATUS_CD, STATUS_CHANGE_REASON_CD, STATUS_CHANGE_TMS, STNCL_MARK_OWNER_CLASS_CD, TARE_WEIGHT_QTY, TRUCK_CENTER_LENGTH_QTY, TRUCK_QTY, UPDATE_DATA_SOURCE_CD, UPDATE_USER_ID, VOLUME_UOM_BASIS_CD, WEIGHT_UOM_BASIS_CD, WHEEL_BRNG_CD) VALUES ('2024-01-01', 'TEST_1', '1000', '2024-01-01', 'TEST_1', '1000', '100.00', 'TEST_1', 'TEST_1', '2024-01-01', 'TEST_1', 'TEST_1', 'TEST_1', 'TEST_1', '1000', '2024-01-01', 'TEST_1', '2024-01-01', 'TEST_1', 'TEST_1', 'TEST_1', '2024-01-01', 'TEST_1', '2024-01-01', '2024-01-01', '2024-01-01', 'TEST_1', '1000', 'TEST_1', 'TEST_1', 'TEST_1', '1000', '1000', '1000', '1000', '2024-01-01', '2024-01-01', '100.00', '100.00', 'TEST_1', 'TEST_1', 'TEST_1', 'TEST_1', '1000', 'TEST_1', 'TEST_1', 'TEST_1', '2024-01-01', 'TEST_1', '100.00', '100.00', '100.00', '100.00', '100.00', 'TEST_1', 'TEST_1', '1000', 'TEST_1', 'TEST_1', 'TEST_1', '2024-01-01', '2024-01-01', '2024-01-01', 'TEST_1', 'TEST_1', '1000', '1000', '2024-01-01', '2024-01-01', 'TEST_1', 'TEST_1', 'TEST_1', 'TEST_1', '2024-01-01', 'TEST_1', '100.00', '100.00', '100.00', '2024-01-01', '2024-01-01', 'TEST_1', '100.00', 'TEST_1');
INSERT INTO EQPMNT_AAR_BASE (AAR_ADD_TMS, AAR_CAR_CD, AAR_CAR_CODE_ID, AAR_UPDATE_TMS, ALTRNT_CAR_CD, ALTRNT_CAR_CD_ID, AXLE_QTY, BLDR_CD, BLDR_LOT_TXT, BUILT_DT, CMRCL_LESSEE_CIF_TXT, CMRCL_OWNER_CIF_TXT, CNFLCT_STATUS_CD, CREATE_DATA_SOURCE_CD, CREATE_USER_ID, CRNT_CNFLCT_STATUS_DT, DELETE_REASON_CD, DLTD_TMS, DMTR_UOM_BASIS_CD, ECP_BRAKE_BLDR_CD, ECP_BRAKE_TYPE_CD, EDW_CREATE_TMS, EDW_CREATE_USER, EDW_UPDATE_TMS, EDW_UPDATE_USER, EFCTV_TMS, EIN_DPLCTN_CD, EIN_NBR, EQPMNT_ADD_RPRTR_CMPNY_MARK_CD, EQPMNT_DSGNTN_CD, EQPMNT_GROUP_CD, EQPMNT_ID, EQPMNT_MNGMNT_CODE_ASCTN_ID, EQPMNT_POOL_ID, EQPUN_NBR, EXPIRY_TMS, FIRST_MVMNT_TMS, GROSS_WEIGHT_QTY, GROSS_WEIGHT_UOM_BASIS_CD, LINEAL_FRCTNL_UOM_BASIS_CD, LINEAL_UOM_BASIS_CD, LIQUID_UOM_BASIS_CD, MARK_CD, MASTER_EQPMNT_ID, MCHNCL_DSGNTN_CD, MNFCTR_CNTRY_CD, NEXT_CNFLCT_STATUS_CD, NEXT_CNFLCT_STATUS_DT, NOTICE_MGMNT_INDCTR_CD, OPRTNG_BRAKE_QTY, OTSD_EXTRM_HEIGHT_QTY, OTSD_EXTRM_WIDTH_QTY, OTSD_HEIGHT_EXTRM_WIDTH_QTY, OTSD_LENGTH_QTY, OWNER_MARK_CD, PLATE_CLRNC_CD, PRIOR_EQPUN_NBR, PRIOR_MARK_CD, RATE_CD, RBLT_CD, RBLT_DT, RECORD_CREATE_TMS, RECORD_UPDATE_TMS, RGSTRN_REASON_CD, RSTNCL_PRGRM_CD, SOURCE_CREATE_PARTY_RLTNSH_ID, SOURCE_CREATE_USER_ID, SOURCE_UPDATE_PARTY_RLTNSH_ID, SOURCE_UPDATE_USER_ID, SPEED_UOM_BASIS_CD, SRVC_LIFE_CD, STATUS_CD, STATUS_CHANGE_REASON_CD, STATUS_CHANGE_TMS, STNCL_MARK_OWNER_CLASS_CD, TARE_WEIGHT_QTY, TRUCK_CENTER_LENGTH_QTY, TRUCK_QTY, UPDATE_DATA_SOURCE_CD, UPDATE_USER_ID, VOLUME_UOM_BASIS_CD, WEIGHT_UOM_BASIS_CD, WHEEL_BRNG_CD) VALUES ('2024-01-02', 'TEST_2', '2000', '2024-01-02', 'TEST_2', '2000', '200.00', 'TEST_2', 'TEST_2', '2024-01-02', 'TEST_2', 'TEST_2', 'TEST_2', 'TEST_2', '2000', '2024-01-02', 'TEST_2', '2024-01-02', 'TEST_2', 'TEST_2', 'TEST_2', '2024-01-02', 'TEST_2', '2024-01-02', '2024-01-02', '2024-01-02', 'TEST_2', '2000', 'TEST_2', 'TEST_2', 'TEST_2', '2000', '2000', '2000', '2000', '2024-01-02', '2024-01-02', '200.00', '200.00', 'TEST_2', 'TEST_2', 'TEST_2', 'TEST_2', '2000', 'TEST_2', 'TEST_2', 'TEST_2', '2024-01-02', 'TEST_2', '200.00', '200.00', '200.00', '200.00', '200.00', 'TEST_2', 'TEST_2', '2000', 'TEST_2', 'TEST_2', 'TEST_2', '2024-01-02', '2024-01-02', '2024-01-02', 'TEST_2', 'TEST_2', '2000', '2000', '2024-01-02', '2024-01-02', 'TEST_2', 'TEST_2', 'TEST_2', 'TEST_2', '2024-01-02', 'TEST_2', '200.00', '200.00', '200.00', '2024-01-02', '2024-01-02', 'TEST_2', '200.00', 'TEST_2');
INSERT INTO EQPMNT_AAR_BASE (AAR_ADD_TMS, AAR_CAR_CD, AAR_CAR_CODE_ID, AAR_UPDATE_TMS, ALTRNT_CAR_CD, ALTRNT_CAR_CD_ID, AXLE_QTY, BLDR_CD, BLDR_LOT_TXT, BUILT_DT, CMRCL_LESSEE_CIF_TXT, CMRCL_OWNER_CIF_TXT, CNFLCT_STATUS_CD, CREATE_DATA_SOURCE_CD, CREATE_USER_ID, CRNT_CNFLCT_STATUS_DT, DELETE_REASON_CD, DLTD_TMS, DMTR_UOM_BASIS_CD, ECP_BRAKE_BLDR_CD, ECP_BRAKE_TYPE_CD, EDW_CREATE_TMS, EDW_CREATE_USER, EDW_UPDATE_TMS, EDW_UPDATE_USER, EFCTV_TMS, EIN_DPLCTN_CD, EIN_NBR, EQPMNT_ADD_RPRTR_CMPNY_MARK_CD, EQPMNT_DSGNTN_CD, EQPMNT_GROUP_CD, EQPMNT_ID, EQPMNT_MNGMNT_CODE_ASCTN_ID, EQPMNT_POOL_ID, EQPUN_NBR, EXPIRY_TMS, FIRST_MVMNT_TMS, GROSS_WEIGHT_QTY, GROSS_WEIGHT_UOM_BASIS_CD, LINEAL_FRCTNL_UOM_BASIS_CD, LINEAL_UOM_BASIS_CD, LIQUID_UOM_BASIS_CD, MARK_CD, MASTER_EQPMNT_ID, MCHNCL_DSGNTN_CD, MNFCTR_CNTRY_CD, NEXT_CNFLCT_STATUS_CD, NEXT_CNFLCT_STATUS_DT, NOTICE_MGMNT_INDCTR_CD, OPRTNG_BRAKE_QTY, OTSD_EXTRM_HEIGHT_QTY, OTSD_EXTRM_WIDTH_QTY, OTSD_HEIGHT_EXTRM_WIDTH_QTY, OTSD_LENGTH_QTY, OWNER_MARK_CD, PLATE_CLRNC_CD, PRIOR_EQPUN_NBR, PRIOR_MARK_CD, RATE_CD, RBLT_CD, RBLT_DT, RECORD_CREATE_TMS, RECORD_UPDATE_TMS, RGSTRN_REASON_CD, RSTNCL_PRGRM_CD, SOURCE_CREATE_PARTY_RLTNSH_ID, SOURCE_CREATE_USER_ID, SOURCE_UPDATE_PARTY_RLTNSH_ID, SOURCE_UPDATE_USER_ID, SPEED_UOM_BASIS_CD, SRVC_LIFE_CD, STATUS_CD, STATUS_CHANGE_REASON_CD, STATUS_CHANGE_TMS, STNCL_MARK_OWNER_CLASS_CD, TARE_WEIGHT_QTY, TRUCK_CENTER_LENGTH_QTY, TRUCK_QTY, UPDATE_DATA_SOURCE_CD, UPDATE_USER_ID, VOLUME_UOM_BASIS_CD, WEIGHT_UOM_BASIS_CD, WHEEL_BRNG_CD) VALUES ('2024-01-03', 'TEST_3', '3000', '2024-01-03', 'TEST_3', '3000', '300.00', 'TEST_3', 'TEST_3', '2024-01-03', 'TEST_3', 'TEST_3', 'TEST_3', 'TEST_3', '3000', '2024-01-03', 'TEST_3', '2024-01-03', 'TEST_3', 'TEST_3', 'TEST_3', '2024-01-03', 'TEST_3', '2024-01-03', '2024-01-03', '2024-01-03', 'TEST_3', '3000', 'TEST_3', 'TEST_3', 'TEST_3', '3000', '3000', '3000', '3000', '2024-01-03', '2024-01-03', '300.00', '300.00', 'TEST_3', 'TEST_3', 'TEST_3', 'TEST_3', '3000', 'TEST_3', 'TEST_3', 'TEST_3', '2024-01-03', 'TEST_3', '300.00', '300.00', '300.00', '300.00', '300.00', 'TEST_3', 'TEST_3', '3000', 'TEST_3', 'TEST_3', 'TEST_3', '2024-01-03', '2024-01-03', '2024-01-03', 'TEST_3', 'TEST_3', '3000', '3000', '2024-01-03', '2024-01-03', 'TEST_3', 'TEST_3', 'TEST_3', 'TEST_3', '2024-01-03', 'TEST_3', '300.00', '300.00', '300.00', '2024-01-03', '2024-01-03', 'TEST_3', '300.00', 'TEST_3');

CREATE OR REPLACE TABLE EQPMNT_MARK_OWNER_CLASS_CD (
  MARK_OWNER_CTGRY_CD VARCHAR(500),
  STNCL_MARK_OWNER_CLASS_CD VARCHAR(500)
);
INSERT INTO EQPMNT_MARK_OWNER_CLASS_CD (MARK_OWNER_CTGRY_CD, STNCL_MARK_OWNER_CLASS_CD) VALUES ('TEST_1', 'TEST_1');
INSERT INTO EQPMNT_MARK_OWNER_CLASS_CD (MARK_OWNER_CTGRY_CD, STNCL_MARK_OWNER_CLASS_CD) VALUES ('TEST_2', 'TEST_2');
INSERT INTO EQPMNT_MARK_OWNER_CLASS_CD (MARK_OWNER_CTGRY_CD, STNCL_MARK_OWNER_CLASS_CD) VALUES ('TEST_3', 'TEST_3');

CREATE OR REPLACE TABLE EQPMNT_NON_RGSTRD (
  CHECK_DIGIT_NBR VARCHAR(500),
  CREATE_USER_ID VARCHAR(500),
  EDW_CREATE_TMS VARCHAR(500),
  EDW_CREATE_USER VARCHAR(500),
  EDW_UPDATE_TMS VARCHAR(500),
  EDW_UPDATE_USER VARCHAR(500),
  EQPMNT_ID VARCHAR(500),
  EQPUN_NBR VARCHAR(500),
  MARK_CD VARCHAR(500),
  RECORD_CREATE_TMS VARCHAR(500),
  RECORD_UPDATE_TMS VARCHAR(500),
  UPDATE_USER_ID VARCHAR(500)
);
INSERT INTO EQPMNT_NON_RGSTRD (CHECK_DIGIT_NBR, CREATE_USER_ID, EDW_CREATE_TMS, EDW_CREATE_USER, EDW_UPDATE_TMS, EDW_UPDATE_USER, EQPMNT_ID, EQPUN_NBR, MARK_CD, RECORD_CREATE_TMS, RECORD_UPDATE_TMS, UPDATE_USER_ID) VALUES ('1000', '1000', '2024-01-01', 'TEST_1', '2024-01-01', '2024-01-01', '1000', '1000', 'TEST_1', '2024-01-01', '2024-01-01', '2024-01-01');
INSERT INTO EQPMNT_NON_RGSTRD (CHECK_DIGIT_NBR, CREATE_USER_ID, EDW_CREATE_TMS, EDW_CREATE_USER, EDW_UPDATE_TMS, EDW_UPDATE_USER, EQPMNT_ID, EQPUN_NBR, MARK_CD, RECORD_CREATE_TMS, RECORD_UPDATE_TMS, UPDATE_USER_ID) VALUES ('2000', '2000', '2024-01-02', 'TEST_2', '2024-01-02', '2024-01-02', '2000', '2000', 'TEST_2', '2024-01-02', '2024-01-02', '2024-01-02');
INSERT INTO EQPMNT_NON_RGSTRD (CHECK_DIGIT_NBR, CREATE_USER_ID, EDW_CREATE_TMS, EDW_CREATE_USER, EDW_UPDATE_TMS, EDW_UPDATE_USER, EQPMNT_ID, EQPUN_NBR, MARK_CD, RECORD_CREATE_TMS, RECORD_UPDATE_TMS, UPDATE_USER_ID) VALUES ('3000', '3000', '2024-01-03', 'TEST_3', '2024-01-03', '2024-01-03', '3000', '3000', 'TEST_3', '2024-01-03', '2024-01-03', '2024-01-03');

CREATE OR REPLACE TABLE EQPMNT_PARTY (
  ENTITY_IDNTFR_CD VARCHAR(500),
  EQPMNT_ID VARCHAR(500),
  MARK_CD VARCHAR(500),
  RECORD_UPDATE_TMS VARCHAR(500)
);
INSERT INTO EQPMNT_PARTY (ENTITY_IDNTFR_CD, EQPMNT_ID, MARK_CD, RECORD_UPDATE_TMS) VALUES ('1000', '1000', 'TEST_1', '2024-01-01');
INSERT INTO EQPMNT_PARTY (ENTITY_IDNTFR_CD, EQPMNT_ID, MARK_CD, RECORD_UPDATE_TMS) VALUES ('2000', '2000', 'TEST_2', '2024-01-02');
INSERT INTO EQPMNT_PARTY (ENTITY_IDNTFR_CD, EQPMNT_ID, MARK_CD, RECORD_UPDATE_TMS) VALUES ('3000', '3000', 'TEST_3', '2024-01-03');

CREATE OR REPLACE TABLE EQPMNT_POOL (
  AAR_EQPMNT_POOL_ID VARCHAR(500),
  CPR_EQPMNT_POOL_ID VARCHAR(500),
  EQPMNT_ID VARCHAR(500),
  EQPMNT_POOL_ID VARCHAR(500),
  LESSEE_MARK_CD VARCHAR(500)
);
INSERT INTO EQPMNT_POOL (AAR_EQPMNT_POOL_ID, CPR_EQPMNT_POOL_ID, EQPMNT_ID, EQPMNT_POOL_ID, LESSEE_MARK_CD) VALUES ('1000', '1000', '1000', '1000', 'TEST_1');
INSERT INTO EQPMNT_POOL (AAR_EQPMNT_POOL_ID, CPR_EQPMNT_POOL_ID, EQPMNT_ID, EQPMNT_POOL_ID, LESSEE_MARK_CD) VALUES ('2000', '2000', '2000', '2000', 'TEST_2');
INSERT INTO EQPMNT_POOL (AAR_EQPMNT_POOL_ID, CPR_EQPMNT_POOL_ID, EQPMNT_ID, EQPMNT_POOL_ID, LESSEE_MARK_CD) VALUES ('3000', '3000', '3000', '3000', 'TEST_3');

CREATE OR REPLACE TABLE EQPMNT_POOL_ASGNMN (
  EQPMNT_ID VARCHAR(500),
  EQPMNT_POOL_ASGNMN_ID VARCHAR(500),
  EQPMNT_POOL_ID VARCHAR(500)
);
INSERT INTO EQPMNT_POOL_ASGNMN (EQPMNT_ID, EQPMNT_POOL_ASGNMN_ID, EQPMNT_POOL_ID) VALUES ('1000', '1000', '1000');
INSERT INTO EQPMNT_POOL_ASGNMN (EQPMNT_ID, EQPMNT_POOL_ASGNMN_ID, EQPMNT_POOL_ID) VALUES ('2000', '2000', '2000');
INSERT INTO EQPMNT_POOL_ASGNMN (EQPMNT_ID, EQPMNT_POOL_ASGNMN_ID, EQPMNT_POOL_ID) VALUES ('3000', '3000', '3000');

CREATE OR REPLACE TABLE CUST_ADRS (
  ADRS_NBR VARCHAR(500),
  CITY VARCHAR(500),
  NAME_1 VARCHAR(500),
  PO_CD VARCHAR(500),
  REGION_KEY VARCHAR(500),
  STRT_1 VARCHAR(500),
  STRT_2 VARCHAR(500),
  STRT_3 VARCHAR(500)
);
INSERT INTO CUST_ADRS (ADRS_NBR, CITY, NAME_1, PO_CD, REGION_KEY, STRT_1, STRT_2, STRT_3) VALUES ('1000', 'TEST_1', 'TEST_1', 'TEST_1', 'TEST_1', 'TEST_1', 'TEST_1', 'TEST_1');
INSERT INTO CUST_ADRS (ADRS_NBR, CITY, NAME_1, PO_CD, REGION_KEY, STRT_1, STRT_2, STRT_3) VALUES ('2000', 'TEST_2', 'TEST_2', 'TEST_2', 'TEST_2', 'TEST_2', 'TEST_2', 'TEST_2');
INSERT INTO CUST_ADRS (ADRS_NBR, CITY, NAME_1, PO_CD, REGION_KEY, STRT_1, STRT_2, STRT_3) VALUES ('3000', 'TEST_3', 'TEST_3', 'TEST_3', 'TEST_3', 'TEST_3', 'TEST_3', 'TEST_3');

CREATE OR REPLACE TABLE CUST_MASTER (
  ADRS_NBR VARCHAR(500),
  ATTRIBUTE_9 VARCHAR(500),
  CENTRAL_ORDR_BLK VARCHAR(500),
  CUST_NBR VARCHAR(500)
);
INSERT INTO CUST_MASTER (ADRS_NBR, ATTRIBUTE_9, CENTRAL_ORDR_BLK, CUST_NBR) VALUES ('1000', 'TEST_1', 'TEST_1', '1000');
INSERT INTO CUST_MASTER (ADRS_NBR, ATTRIBUTE_9, CENTRAL_ORDR_BLK, CUST_NBR) VALUES ('2000', 'TEST_2', 'TEST_2', '2000');
INSERT INTO CUST_MASTER (ADRS_NBR, ATTRIBUTE_9, CENTRAL_ORDR_BLK, CUST_NBR) VALUES ('3000', 'TEST_3', 'TEST_3', '3000');

CREATE OR REPLACE TABLE PTNR_FCTN (
  CUST_NBR VARCHAR(500),
  PTNR_CUST_NBR VARCHAR(500)
);
INSERT INTO PTNR_FCTN (CUST_NBR, PTNR_CUST_NBR) VALUES ('1000', '1000');
INSERT INTO PTNR_FCTN (CUST_NBR, PTNR_CUST_NBR) VALUES ('2000', '2000');
INSERT INTO PTNR_FCTN (CUST_NBR, PTNR_CUST_NBR) VALUES ('3000', '3000');

CREATE OR REPLACE TABLE XML_MD_MATERIAL_ATTR_TXT (
  TO_DECIMALXMLGETPARSE_XMLXML_CONTENT VARCHAR(500),
  TRY_TO_TIMEXMLGETPARSE_XMLXML_CONTENT VARCHAR(500),
  XMLGETPARSE_XMLXML_CONTENT VARCHAR(500)
);
INSERT INTO XML_MD_MATERIAL_ATTR_TXT (TO_DECIMALXMLGETPARSE_XMLXML_CONTENT, TRY_TO_TIMEXMLGETPARSE_XMLXML_CONTENT, XMLGETPARSE_XMLXML_CONTENT) VALUES ('TEST_1', 'TEST_1', 'TEST_1');
INSERT INTO XML_MD_MATERIAL_ATTR_TXT (TO_DECIMALXMLGETPARSE_XMLXML_CONTENT, TRY_TO_TIMEXMLGETPARSE_XMLXML_CONTENT, XMLGETPARSE_XMLXML_CONTENT) VALUES ('TEST_2', 'TEST_2', 'TEST_2');
INSERT INTO XML_MD_MATERIAL_ATTR_TXT (TO_DECIMALXMLGETPARSE_XMLXML_CONTENT, TRY_TO_TIMEXMLGETPARSE_XMLXML_CONTENT, XMLGETPARSE_XMLXML_CONTENT) VALUES ('TEST_3', 'TEST_3', 'TEST_3');

CREATE OR REPLACE TABLE FINANCE_GLOBAL_APPTIO_GB_Z1_APPT (
  ACCOUNTINGDOCUMENTNUMBER VARCHAR(500),
  ACCOUNTNUMOFVENDORORCREDITOR VARCHAR(500),
  COMPANYCODE VARCHAR(500),
  COSTCENTER VARCHAR(500),
  CURRENCYKEY VARCHAR(500),
  DEBITCREDITINDICATOR VARCHAR(500),
  DOCUMENTTYPE VARCHAR(500),
  FISCALPERIOD VARCHAR(500),
  FISCALYEAR VARCHAR(500),
  GBSOURCE VARCHAR(500),
  GLACCOUNTNUMBER VARCHAR(500),
  INVOICE_REFERENCE VARCHAR(500),
  LOCALCURRENCY VARCHAR(500),
  NUMOFLINEITEMWITHINACCOUNTDOC VARCHAR(500),
  POSTINGDATEINTHEDOCUMENT VARCHAR(500),
  PROJECTDEFINITION VARCHAR(500),
  PURCHASINGDOCUMENTNUMBER VARCHAR(500),
  REPLACETRIMGLACCOUNTLONGNAME VARCHAR(500),
  REPLACETRIMITEMTEXT VARCHAR(500),
  REPLACETRIMSUPPLIERFULLNAME VARCHAR(500),
  SOURCE_DESC_LONG VARCHAR(500),
  TO_VARCHARTO_DECIMALAMOUNTINDOCUMENTCURRENCY VARCHAR(500),
  TO_VARCHARTO_DECIMALAMOUNTINLOCALCURRENCY VARCHAR(500),
  WBS VARCHAR(500)
);
INSERT INTO FINANCE_GLOBAL_APPTIO_GB_Z1_APPT (ACCOUNTINGDOCUMENTNUMBER, ACCOUNTNUMOFVENDORORCREDITOR, COMPANYCODE, COSTCENTER, CURRENCYKEY, DEBITCREDITINDICATOR, DOCUMENTTYPE, FISCALPERIOD, FISCALYEAR, GBSOURCE, GLACCOUNTNUMBER, INVOICE_REFERENCE, LOCALCURRENCY, NUMOFLINEITEMWITHINACCOUNTDOC, POSTINGDATEINTHEDOCUMENT, PROJECTDEFINITION, PURCHASINGDOCUMENTNUMBER, REPLACETRIMGLACCOUNTLONGNAME, REPLACETRIMITEMTEXT, REPLACETRIMSUPPLIERFULLNAME, SOURCE_DESC_LONG, TO_VARCHARTO_DECIMALAMOUNTINDOCUMENTCURRENCY, TO_VARCHARTO_DECIMALAMOUNTINLOCALCURRENCY, WBS) VALUES ('1000', 'TEST_1', 'TEST_1', '100.00', 'TEST_1', 'TEST_1', 'TEST_1', 'TEST_1', 'TEST_1', 'TEST_1', '1000', 'TEST_1', 'TEST_1', 'TEST_1', '2024-01-01', 'TEST_1', '1000', 'TEST_1', 'TEST_1', 'TEST_1', 'TEST_1', '100.00', '100.00', 'TEST_1');
INSERT INTO FINANCE_GLOBAL_APPTIO_GB_Z1_APPT (ACCOUNTINGDOCUMENTNUMBER, ACCOUNTNUMOFVENDORORCREDITOR, COMPANYCODE, COSTCENTER, CURRENCYKEY, DEBITCREDITINDICATOR, DOCUMENTTYPE, FISCALPERIOD, FISCALYEAR, GBSOURCE, GLACCOUNTNUMBER, INVOICE_REFERENCE, LOCALCURRENCY, NUMOFLINEITEMWITHINACCOUNTDOC, POSTINGDATEINTHEDOCUMENT, PROJECTDEFINITION, PURCHASINGDOCUMENTNUMBER, REPLACETRIMGLACCOUNTLONGNAME, REPLACETRIMITEMTEXT, REPLACETRIMSUPPLIERFULLNAME, SOURCE_DESC_LONG, TO_VARCHARTO_DECIMALAMOUNTINDOCUMENTCURRENCY, TO_VARCHARTO_DECIMALAMOUNTINLOCALCURRENCY, WBS) VALUES ('2000', 'TEST_2', 'TEST_2', '200.00', 'TEST_2', 'TEST_2', 'TEST_2', 'TEST_2', 'TEST_2', 'TEST_2', '2000', 'TEST_2', 'TEST_2', 'TEST_2', '2024-01-02', 'TEST_2', '2000', 'TEST_2', 'TEST_2', 'TEST_2', 'TEST_2', '200.00', '200.00', 'TEST_2');
INSERT INTO FINANCE_GLOBAL_APPTIO_GB_Z1_APPT (ACCOUNTINGDOCUMENTNUMBER, ACCOUNTNUMOFVENDORORCREDITOR, COMPANYCODE, COSTCENTER, CURRENCYKEY, DEBITCREDITINDICATOR, DOCUMENTTYPE, FISCALPERIOD, FISCALYEAR, GBSOURCE, GLACCOUNTNUMBER, INVOICE_REFERENCE, LOCALCURRENCY, NUMOFLINEITEMWITHINACCOUNTDOC, POSTINGDATEINTHEDOCUMENT, PROJECTDEFINITION, PURCHASINGDOCUMENTNUMBER, REPLACETRIMGLACCOUNTLONGNAME, REPLACETRIMITEMTEXT, REPLACETRIMSUPPLIERFULLNAME, SOURCE_DESC_LONG, TO_VARCHARTO_DECIMALAMOUNTINDOCUMENTCURRENCY, TO_VARCHARTO_DECIMALAMOUNTINLOCALCURRENCY, WBS) VALUES ('3000', 'TEST_3', 'TEST_3', '300.00', 'TEST_3', 'TEST_3', 'TEST_3', 'TEST_3', 'TEST_3', 'TEST_3', '3000', 'TEST_3', 'TEST_3', 'TEST_3', '2024-01-03', 'TEST_3', '3000', 'TEST_3', 'TEST_3', 'TEST_3', 'TEST_3', '300.00', '300.00', 'TEST_3');
