CREATE SCHEMA IF NOT EXISTS TPC_DI_RAW_DATA.MOCK_SOURCES;
USE SCHEMA TPC_DI_RAW_DATA.MOCK_SOURCES;

CREATE OR REPLACE TABLE EQPMNT_AAR_BASE (
  EQPMNT_ID VARCHAR(500)
);

INSERT INTO EQPMNT_AAR_BASE (EQPMNT_ID) VALUES ('1000');
INSERT INTO EQPMNT_AAR_BASE (EQPMNT_ID) VALUES ('2000');
INSERT INTO EQPMNT_AAR_BASE (EQPMNT_ID) VALUES ('3000');

CREATE OR REPLACE TABLE EQPMNT_NON_RGSTRD (
  EQPMNT_ID VARCHAR(500)
);

INSERT INTO EQPMNT_NON_RGSTRD (EQPMNT_ID) VALUES ('1000');
INSERT INTO EQPMNT_NON_RGSTRD (EQPMNT_ID) VALUES ('2000');
INSERT INTO EQPMNT_NON_RGSTRD (EQPMNT_ID) VALUES ('3000');

CREATE OR REPLACE TABLE EQPMNT_POOL_ASGNMN (
  EQPMNT_ID VARCHAR(500),
  EQPMNT_POOL_ASGNMN_ID VARCHAR(500),
  EQPMNT_POOL_ID VARCHAR(500),
  MAXEQPMNT_POOL_ASGNMN_ID VARCHAR(500)
);

INSERT INTO EQPMNT_POOL_ASGNMN (EQPMNT_ID, EQPMNT_POOL_ASGNMN_ID, EQPMNT_POOL_ID, MAXEQPMNT_POOL_ASGNMN_ID) VALUES ('1000', '1000', '1000', '1000');
INSERT INTO EQPMNT_POOL_ASGNMN (EQPMNT_ID, EQPMNT_POOL_ASGNMN_ID, EQPMNT_POOL_ID, MAXEQPMNT_POOL_ASGNMN_ID) VALUES ('2000', '2000', '2000', '2000');
INSERT INTO EQPMNT_POOL_ASGNMN (EQPMNT_ID, EQPMNT_POOL_ASGNMN_ID, EQPMNT_POOL_ID, MAXEQPMNT_POOL_ASGNMN_ID) VALUES ('3000', '3000', '3000', '3000');

CREATE OR REPLACE TABLE DIM_EQUIPMENT (
  DIM_EQUIPMENT_ID VARCHAR(500)
);

INSERT INTO DIM_EQUIPMENT (DIM_EQUIPMENT_ID) VALUES ('1000');
INSERT INTO DIM_EQUIPMENT (DIM_EQUIPMENT_ID) VALUES ('2000');
INSERT INTO DIM_EQUIPMENT (DIM_EQUIPMENT_ID) VALUES ('3000');

CREATE OR REPLACE TABLE FF_BL_ZJ_JOURNALS_SRC (
  BATCH_NUMBER VARCHAR(500),
  BATCH_TYPE VARCHAR(500),
  DOCUMENT_TYPE VARCHAR(500)
);

INSERT INTO FF_BL_ZJ_JOURNALS_SRC (BATCH_NUMBER, BATCH_TYPE, DOCUMENT_TYPE) VALUES ('1000', 'TEST_BATCH_TYPE_1', 'TEST_DOCUMENT_TYPE_1');
INSERT INTO FF_BL_ZJ_JOURNALS_SRC (BATCH_NUMBER, BATCH_TYPE, DOCUMENT_TYPE) VALUES ('2000', 'TEST_BATCH_TYPE_2', 'TEST_DOCUMENT_TYPE_2');
INSERT INTO FF_BL_ZJ_JOURNALS_SRC (BATCH_NUMBER, BATCH_TYPE, DOCUMENT_TYPE) VALUES ('3000', 'TEST_BATCH_TYPE_3', 'TEST_DOCUMENT_TYPE_3');

CREATE OR REPLACE TABLE F0011 (
  ICAME VARCHAR(500),
  ICICU VARCHAR(500),
  ICICUT VARCHAR(500),
  ICIST VARCHAR(500)
);

INSERT INTO F0011 (ICAME, ICICU, ICICUT, ICIST) VALUES ('TEST_ICAME_1', 'TEST_ICICU_1', 'TEST_ICICUT_1', 'TEST_ICIST_1');
INSERT INTO F0011 (ICAME, ICICU, ICICUT, ICIST) VALUES ('TEST_ICAME_2', 'TEST_ICICU_2', 'TEST_ICICUT_2', 'TEST_ICIST_2');
INSERT INTO F0011 (ICAME, ICICU, ICICUT, ICIST) VALUES ('TEST_ICAME_3', 'TEST_ICICU_3', 'TEST_ICICUT_3', 'TEST_ICIST_3');

CREATE OR REPLACE TABLE F0092 (
  ULAN8 VARCHAR(500),
  ULUSER VARCHAR(500)
);

INSERT INTO F0092 (ULAN8, ULUSER) VALUES ('TEST_ULAN8_1', 'TEST_ULUSER_1');
INSERT INTO F0092 (ULAN8, ULUSER) VALUES ('TEST_ULAN8_2', 'TEST_ULUSER_2');
INSERT INTO F0092 (ULAN8, ULUSER) VALUES ('TEST_ULAN8_3', 'TEST_ULUSER_3');

CREATE OR REPLACE TABLE F01151 (
  EAAN8 VARCHAR(500),
  EAEMAL VARCHAR(500),
  EAETP VARCHAR(500),
  EAIDLN VARCHAR(500)
);

INSERT INTO F01151 (EAAN8, EAEMAL, EAETP, EAIDLN) VALUES ('TEST_EAAN8_1', 'TEST_EAEMAL_1', 'TEST_EAETP_1', '1000');
INSERT INTO F01151 (EAAN8, EAEMAL, EAETP, EAIDLN) VALUES ('TEST_EAAN8_2', 'TEST_EAEMAL_2', 'TEST_EAETP_2', '2000');
INSERT INTO F01151 (EAAN8, EAEMAL, EAETP, EAIDLN) VALUES ('TEST_EAAN8_3', 'TEST_EAEMAL_3', 'TEST_EAETP_3', '3000');

CREATE OR REPLACE TABLE F0901 (
  GMAID VARCHAR(500),
  GMDL01 VARCHAR(500)
);

INSERT INTO F0901 (GMAID, GMDL01) VALUES ('1000', 'TEST_GMDL01_1');
INSERT INTO F0901 (GMAID, GMDL01) VALUES ('2000', 'TEST_GMDL01_2');
INSERT INTO F0901 (GMAID, GMDL01) VALUES ('3000', 'TEST_GMDL01_3');

CREATE OR REPLACE TABLE F0911 (
  GLAA VARCHAR(500),
  GLANI VARCHAR(500),
  GLASID VARCHAR(500),
  GLCO VARCHAR(500),
  GLCRCD VARCHAR(500),
  GLCRRM VARCHAR(500),
  GLDCT VARCHAR(500),
  GLDGJ VARCHAR(500),
  GLDICJ VARCHAR(500),
  GLDOC VARCHAR(500),
  GLEXA VARCHAR(500),
  GLEXR VARCHAR(500),
  GLEXTL VARCHAR(500),
  GLICU VARCHAR(500),
  GLICUT VARCHAR(500),
  GLJELN VARCHAR(500),
  GLKCO VARCHAR(500),
  GLLT VARCHAR(500),
  GLPO VARCHAR(500),
  GLPOST VARCHAR(500),
  GLRCND VARCHAR(500),
  GLRE VARCHAR(500),
  GLSBL VARCHAR(500),
  GLSBLT VARCHAR(500),
  GLTORG VARCHAR(500),
  GLUPMJ VARCHAR(500),
  GLUPMT VARCHAR(500),
  GLUSER VARCHAR(500)
);

INSERT INTO F0911 (GLAA, GLANI, GLASID, GLCO, GLCRCD, GLCRRM, GLDCT, GLDGJ, GLDICJ, GLDOC, GLEXA, GLEXR, GLEXTL, GLICU, GLICUT, GLJELN, GLKCO, GLLT, GLPO, GLPOST, GLRCND, GLRE, GLSBL, GLSBLT, GLTORG, GLUPMJ, GLUPMT, GLUSER) VALUES ('TEST_GLAA_1', 'TEST_GLANI_1', '1000', 'TEST_GLCO_1', 'TEST_GLCRCD_1', 'TEST_GLCRRM_1', 'TEST_GLDCT_1', 'TEST_GLDGJ_1', 'TEST_GLDICJ_1', 'TEST_GLDOC_1', 'TEST_GLEXA_1', 'TEST_GLEXR_1', 'TEST_GLEXTL_1', 'TEST_GLICU_1', 'TEST_GLICUT_1', 'TEST_GLJELN_1', 'TEST_GLKCO_1', 'TEST_GLLT_1', 'TEST_GLPO_1', 'TEST_GLPOST_1', 'TEST_GLRCND_1', 'TEST_GLRE_1', 'TEST_GLSBL_1', 'TEST_GLSBLT_1', 'TEST_GLTORG_1', '20240101', 'TEST_GLUPMT_1', 'TEST_GLUSER_1');
INSERT INTO F0911 (GLAA, GLANI, GLASID, GLCO, GLCRCD, GLCRRM, GLDCT, GLDGJ, GLDICJ, GLDOC, GLEXA, GLEXR, GLEXTL, GLICU, GLICUT, GLJELN, GLKCO, GLLT, GLPO, GLPOST, GLRCND, GLRE, GLSBL, GLSBLT, GLTORG, GLUPMJ, GLUPMT, GLUSER) VALUES ('TEST_GLAA_2', 'TEST_GLANI_2', '2000', 'TEST_GLCO_2', 'TEST_GLCRCD_2', 'TEST_GLCRRM_2', 'TEST_GLDCT_2', 'TEST_GLDGJ_2', 'TEST_GLDICJ_2', 'TEST_GLDOC_2', 'TEST_GLEXA_2', 'TEST_GLEXR_2', 'TEST_GLEXTL_2', 'TEST_GLICU_2', 'TEST_GLICUT_2', 'TEST_GLJELN_2', 'TEST_GLKCO_2', 'TEST_GLLT_2', 'TEST_GLPO_2', 'TEST_GLPOST_2', 'TEST_GLRCND_2', 'TEST_GLRE_2', 'TEST_GLSBL_2', 'TEST_GLSBLT_2', 'TEST_GLTORG_2', '20240102', 'TEST_GLUPMT_2', 'TEST_GLUSER_2');
INSERT INTO F0911 (GLAA, GLANI, GLASID, GLCO, GLCRCD, GLCRRM, GLDCT, GLDGJ, GLDICJ, GLDOC, GLEXA, GLEXR, GLEXTL, GLICU, GLICUT, GLJELN, GLKCO, GLLT, GLPO, GLPOST, GLRCND, GLRE, GLSBL, GLSBLT, GLTORG, GLUPMJ, GLUPMT, GLUSER) VALUES ('TEST_GLAA_3', 'TEST_GLANI_3', '3000', 'TEST_GLCO_3', 'TEST_GLCRCD_3', 'TEST_GLCRRM_3', 'TEST_GLDCT_3', 'TEST_GLDGJ_3', 'TEST_GLDICJ_3', 'TEST_GLDOC_3', 'TEST_GLEXA_3', 'TEST_GLEXR_3', 'TEST_GLEXTL_3', 'TEST_GLICU_3', 'TEST_GLICUT_3', 'TEST_GLJELN_3', 'TEST_GLKCO_3', 'TEST_GLLT_3', 'TEST_GLPO_3', 'TEST_GLPOST_3', 'TEST_GLRCND_3', 'TEST_GLRE_3', 'TEST_GLSBL_3', 'TEST_GLSBLT_3', 'TEST_GLTORG_3', '20240103', 'TEST_GLUPMT_3', 'TEST_GLUSER_3');

CREATE OR REPLACE TABLE S_ZJ_JOURNALS (
  ETL_LOAD_DTE VARCHAR(500),
  F0011_ICAME VARCHAR(500),
  F0011_ICIST VARCHAR(500),
  F01151_EAEMAL VARCHAR(500),
  F0901_GMDL01 VARCHAR(500),
  F0911_GLAA VARCHAR(500),
  F0911_GLANI VARCHAR(500),
  F0911_GLASID VARCHAR(500),
  F0911_GLCO VARCHAR(500),
  F0911_GLCRCD VARCHAR(500),
  F0911_GLCRRM VARCHAR(500),
  F0911_GLDCT VARCHAR(500),
  F0911_GLDGJ VARCHAR(500),
  F0911_GLDICJ VARCHAR(500),
  F0911_GLDOC VARCHAR(500),
  F0911_GLEXA VARCHAR(500),
  F0911_GLEXR VARCHAR(500),
  F0911_GLEXTL VARCHAR(500),
  F0911_GLICU VARCHAR(500),
  F0911_GLICUT VARCHAR(500),
  F0911_GLJELN VARCHAR(500),
  F0911_GLKCO VARCHAR(500),
  F0911_GLLT VARCHAR(500),
  F0911_GLPO VARCHAR(500),
  F0911_GLPOST VARCHAR(500),
  F0911_GLRCND VARCHAR(500),
  F0911_GLRE VARCHAR(500),
  F0911_GLSBL VARCHAR(500),
  F0911_GLSBLT VARCHAR(500),
  F0911_GLTORG VARCHAR(500),
  F0911_GLUPMJ VARCHAR(500),
  F0911_GLUPMT VARCHAR(500),
  F0911_GLUSER VARCHAR(500)
);

INSERT INTO S_ZJ_JOURNALS (ETL_LOAD_DTE, F0011_ICAME, F0011_ICIST, F01151_EAEMAL, F0901_GMDL01, F0911_GLAA, F0911_GLANI, F0911_GLASID, F0911_GLCO, F0911_GLCRCD, F0911_GLCRRM, F0911_GLDCT, F0911_GLDGJ, F0911_GLDICJ, F0911_GLDOC, F0911_GLEXA, F0911_GLEXR, F0911_GLEXTL, F0911_GLICU, F0911_GLICUT, F0911_GLJELN, F0911_GLKCO, F0911_GLLT, F0911_GLPO, F0911_GLPOST, F0911_GLRCND, F0911_GLRE, F0911_GLSBL, F0911_GLSBLT, F0911_GLTORG, F0911_GLUPMJ, F0911_GLUPMT, F0911_GLUSER) VALUES ('20240101', 'TEST_F0011_ICAME_1', 'TEST_F0011_ICIST_1', 'TEST_F01151_EAEMAL_1', 'TEST_F0901_GMDL01_1', 'TEST_F0911_GLAA_1', 'TEST_F0911_GLANI_1', '1000', 'TEST_F0911_GLCO_1', 'TEST_F0911_GLCRCD_1', 'TEST_F0911_GLCRRM_1', 'TEST_F0911_GLDCT_1', 'TEST_F0911_GLDGJ_1', 'TEST_F0911_GLDICJ_1', 'TEST_F0911_GLDOC_1', 'TEST_F0911_GLEXA_1', 'TEST_F0911_GLEXR_1', 'TEST_F0911_GLEXTL_1', 'TEST_F0911_GLICU_1', 'TEST_F0911_GLICUT_1', 'TEST_F0911_GLJELN_1', 'TEST_F0911_GLKCO_1', 'TEST_F0911_GLLT_1', 'TEST_F0911_GLPO_1', 'TEST_F0911_GLPOST_1', 'TEST_F0911_GLRCND_1', 'TEST_F0911_GLRE_1', 'TEST_F0911_GLSBL_1', 'TEST_F0911_GLSBLT_1', 'TEST_F0911_GLTORG_1', '20240101', 'TEST_F0911_GLUPMT_1', 'TEST_F0911_GLUSER_1');
INSERT INTO S_ZJ_JOURNALS (ETL_LOAD_DTE, F0011_ICAME, F0011_ICIST, F01151_EAEMAL, F0901_GMDL01, F0911_GLAA, F0911_GLANI, F0911_GLASID, F0911_GLCO, F0911_GLCRCD, F0911_GLCRRM, F0911_GLDCT, F0911_GLDGJ, F0911_GLDICJ, F0911_GLDOC, F0911_GLEXA, F0911_GLEXR, F0911_GLEXTL, F0911_GLICU, F0911_GLICUT, F0911_GLJELN, F0911_GLKCO, F0911_GLLT, F0911_GLPO, F0911_GLPOST, F0911_GLRCND, F0911_GLRE, F0911_GLSBL, F0911_GLSBLT, F0911_GLTORG, F0911_GLUPMJ, F0911_GLUPMT, F0911_GLUSER) VALUES ('20240102', 'TEST_F0011_ICAME_2', 'TEST_F0011_ICIST_2', 'TEST_F01151_EAEMAL_2', 'TEST_F0901_GMDL01_2', 'TEST_F0911_GLAA_2', 'TEST_F0911_GLANI_2', '2000', 'TEST_F0911_GLCO_2', 'TEST_F0911_GLCRCD_2', 'TEST_F0911_GLCRRM_2', 'TEST_F0911_GLDCT_2', 'TEST_F0911_GLDGJ_2', 'TEST_F0911_GLDICJ_2', 'TEST_F0911_GLDOC_2', 'TEST_F0911_GLEXA_2', 'TEST_F0911_GLEXR_2', 'TEST_F0911_GLEXTL_2', 'TEST_F0911_GLICU_2', 'TEST_F0911_GLICUT_2', 'TEST_F0911_GLJELN_2', 'TEST_F0911_GLKCO_2', 'TEST_F0911_GLLT_2', 'TEST_F0911_GLPO_2', 'TEST_F0911_GLPOST_2', 'TEST_F0911_GLRCND_2', 'TEST_F0911_GLRE_2', 'TEST_F0911_GLSBL_2', 'TEST_F0911_GLSBLT_2', 'TEST_F0911_GLTORG_2', '20240102', 'TEST_F0911_GLUPMT_2', 'TEST_F0911_GLUSER_2');
INSERT INTO S_ZJ_JOURNALS (ETL_LOAD_DTE, F0011_ICAME, F0011_ICIST, F01151_EAEMAL, F0901_GMDL01, F0911_GLAA, F0911_GLANI, F0911_GLASID, F0911_GLCO, F0911_GLCRCD, F0911_GLCRRM, F0911_GLDCT, F0911_GLDGJ, F0911_GLDICJ, F0911_GLDOC, F0911_GLEXA, F0911_GLEXR, F0911_GLEXTL, F0911_GLICU, F0911_GLICUT, F0911_GLJELN, F0911_GLKCO, F0911_GLLT, F0911_GLPO, F0911_GLPOST, F0911_GLRCND, F0911_GLRE, F0911_GLSBL, F0911_GLSBLT, F0911_GLTORG, F0911_GLUPMJ, F0911_GLUPMT, F0911_GLUSER) VALUES ('20240103', 'TEST_F0011_ICAME_3', 'TEST_F0011_ICIST_3', 'TEST_F01151_EAEMAL_3', 'TEST_F0901_GMDL01_3', 'TEST_F0911_GLAA_3', 'TEST_F0911_GLANI_3', '3000', 'TEST_F0911_GLCO_3', 'TEST_F0911_GLCRCD_3', 'TEST_F0911_GLCRRM_3', 'TEST_F0911_GLDCT_3', 'TEST_F0911_GLDGJ_3', 'TEST_F0911_GLDICJ_3', 'TEST_F0911_GLDOC_3', 'TEST_F0911_GLEXA_3', 'TEST_F0911_GLEXR_3', 'TEST_F0911_GLEXTL_3', 'TEST_F0911_GLICU_3', 'TEST_F0911_GLICUT_3', 'TEST_F0911_GLJELN_3', 'TEST_F0911_GLKCO_3', 'TEST_F0911_GLLT_3', 'TEST_F0911_GLPO_3', 'TEST_F0911_GLPOST_3', 'TEST_F0911_GLRCND_3', 'TEST_F0911_GLRE_3', 'TEST_F0911_GLSBL_3', 'TEST_F0911_GLSBLT_3', 'TEST_F0911_GLTORG_3', '20240103', 'TEST_F0911_GLUPMT_3', 'TEST_F0911_GLUSER_3');

CREATE OR REPLACE TABLE T_AP_CITIBANK_VCA (
  ACTION_TYPE VARCHAR(500),
  BANK_NBR VARCHAR(500),
  CDF_PAYEE_NAME VARCHAR(500),
  CDF_PAYEE_NUMBER VARCHAR(500),
  CDF_PAYMENT_AMOUNT VARCHAR(500),
  CDF_PAYMENT_DATE VARCHAR(500),
  CDF_PAYMENT_NUMBER VARCHAR(500),
  ETL_LOAD_DTE VARCHAR(500),
  ICA_NBR VARCHAR(500),
  ISSUER_ID VARCHAR(500),
  MAX_PURCHASE_AMT VARCHAR(500),
  MIN_PURCHASE_AMT VARCHAR(500),
  MULTI_USE VARCHAR(500),
  PURCHASE_CURRENCY VARCHAR(500),
  PURCHASE_TYPE VARCHAR(500),
  RECORD_ID VARCHAR(500),
  REQUEST_ID VARCHAR(500),
  SUPPLIER_EMAIL VARCHAR(500),
  SUPPLIER_NAME VARCHAR(500),
  USER_NAME VARCHAR(500),
  VALID_FOR VARCHAR(500),
  VALID_FROM VARCHAR(500),
  VALID_TO VARCHAR(500),
  V_CARD_ALIAS VARCHAR(500)
);

INSERT INTO T_AP_CITIBANK_VCA (ACTION_TYPE, BANK_NBR, CDF_PAYEE_NAME, CDF_PAYEE_NUMBER, CDF_PAYMENT_AMOUNT, CDF_PAYMENT_DATE, CDF_PAYMENT_NUMBER, ETL_LOAD_DTE, ICA_NBR, ISSUER_ID, MAX_PURCHASE_AMT, MIN_PURCHASE_AMT, MULTI_USE, PURCHASE_CURRENCY, PURCHASE_TYPE, RECORD_ID, REQUEST_ID, SUPPLIER_EMAIL, SUPPLIER_NAME, USER_NAME, VALID_FOR, VALID_FROM, VALID_TO, V_CARD_ALIAS) VALUES ('TEST_ACTION_TYPE_1', '1000', 'TEST_CDF_PAYEE_NAME_1', '1000', '100.00', '20240101', '1000', '20240101', '1000', '1000', '100.00', '100.00', 'TEST_MULTI_USE_1', 'TEST_PURCHASE_CURRENCY_1', 'TEST_PURCHASE_TYPE_1', '1000', '1000', 'TEST_SUPPLIER_EMAIL_1', 'TEST_SUPPLIER_NAME_1', 'TEST_USER_NAME_1', '1000', '1000', '1000', 'TEST_V_CARD_ALIAS_1');
INSERT INTO T_AP_CITIBANK_VCA (ACTION_TYPE, BANK_NBR, CDF_PAYEE_NAME, CDF_PAYEE_NUMBER, CDF_PAYMENT_AMOUNT, CDF_PAYMENT_DATE, CDF_PAYMENT_NUMBER, ETL_LOAD_DTE, ICA_NBR, ISSUER_ID, MAX_PURCHASE_AMT, MIN_PURCHASE_AMT, MULTI_USE, PURCHASE_CURRENCY, PURCHASE_TYPE, RECORD_ID, REQUEST_ID, SUPPLIER_EMAIL, SUPPLIER_NAME, USER_NAME, VALID_FOR, VALID_FROM, VALID_TO, V_CARD_ALIAS) VALUES ('TEST_ACTION_TYPE_2', '2000', 'TEST_CDF_PAYEE_NAME_2', '2000', '200.00', '20240102', '2000', '20240102', '2000', '2000', '200.00', '200.00', 'TEST_MULTI_USE_2', 'TEST_PURCHASE_CURRENCY_2', 'TEST_PURCHASE_TYPE_2', '2000', '2000', 'TEST_SUPPLIER_EMAIL_2', 'TEST_SUPPLIER_NAME_2', 'TEST_USER_NAME_2', '2000', '2000', '2000', 'TEST_V_CARD_ALIAS_2');
INSERT INTO T_AP_CITIBANK_VCA (ACTION_TYPE, BANK_NBR, CDF_PAYEE_NAME, CDF_PAYEE_NUMBER, CDF_PAYMENT_AMOUNT, CDF_PAYMENT_DATE, CDF_PAYMENT_NUMBER, ETL_LOAD_DTE, ICA_NBR, ISSUER_ID, MAX_PURCHASE_AMT, MIN_PURCHASE_AMT, MULTI_USE, PURCHASE_CURRENCY, PURCHASE_TYPE, RECORD_ID, REQUEST_ID, SUPPLIER_EMAIL, SUPPLIER_NAME, USER_NAME, VALID_FOR, VALID_FROM, VALID_TO, V_CARD_ALIAS) VALUES ('TEST_ACTION_TYPE_3', '3000', 'TEST_CDF_PAYEE_NAME_3', '3000', '300.00', '20240103', '3000', '20240103', '3000', '3000', '300.00', '300.00', 'TEST_MULTI_USE_3', 'TEST_PURCHASE_CURRENCY_3', 'TEST_PURCHASE_TYPE_3', '3000', '3000', 'TEST_SUPPLIER_EMAIL_3', 'TEST_SUPPLIER_NAME_3', 'TEST_USER_NAME_3', '3000', '3000', '3000', 'TEST_V_CARD_ALIAS_3');

CREATE OR REPLACE TABLE T_CM_Z1_SALES (
  ACCTSRECEIVABLEVALUE VARCHAR(500),
  ADJDETAILREPORTTABLENUM VARCHAR(500),
  BUSINESSSEGMENT VARCHAR(500),
  BUSINESSSEGMENTDESCRIPTION VARCHAR(500),
  COMMISSIONCODE VARCHAR(500),
  CONTRACTNAME VARCHAR(500),
  CONTRACTNUMBER VARCHAR(500),
  COSTCENTER VARCHAR(500),
  COUNTY VARCHAR(500),
  COUNTYDESCRIPTION VARCHAR(500),
  CUSTOMERFREIGHT VARCHAR(500),
  CUSTOMERNAME VARCHAR(500),
  CUSTOMERNUMBER VARCHAR(500),
  CUSTOMERNUMBERSHIPTO VARCHAR(500),
  CUSTOMERPATTERN VARCHAR(500),
  CUSTOMERPO VARCHAR(500),
  CUSTOMERTYPE VARCHAR(500),
  ETL_CREATE_DTE VARCHAR(500),
  ETL_LOAD_DTE VARCHAR(500),
  ETL_MD5 VARCHAR(500),
  ETL_UPDT_FLG VARCHAR(500),
  INVOICEDATE VARCHAR(500),
  INVOICENUMBER VARCHAR(500),
  ITEMCLASS VARCHAR(500),
  ITEMCLASSDESCRIPTION VARCHAR(500),
  ITEMDESCRIPTION VARCHAR(500),
  ITEMNUMBER VARCHAR(500),
  LINEITEMNUMBER VARCHAR(500),
  ORDERNUMBER VARCHAR(500),
  ORDERTYPE VARCHAR(500),
  OTHERTAXES VARCHAR(500),
  PRICINGPENALTYPRORATION VARCHAR(500),
  QUANTITYSHIPPED VARCHAR(500),
  RAFINVOICEDATE VARCHAR(500),
  RESTOCKFEE VARCHAR(500),
  SALESADJUSTMENTNAME VARCHAR(500),
  SALESADJUSTMENTTYPE VARCHAR(500),
  SALESTAX VARCHAR(500),
  SHIPVIADESC VARCHAR(500),
  SMS_CASE_NUMBER VARCHAR(500),
  SOURCESYSTEM VARCHAR(500),
  SPECIALCHARGES VARCHAR(500),
  SURGEONID VARCHAR(500),
  SURGEONNAME VARCHAR(500),
  SURGERYDATE VARCHAR(500),
  T_CM_Z1_SALES_ID VARCHAR(500),
  TERRITORYID VARCHAR(500),
  TRAILERRECORD_YN VARCHAR(500),
  TRANSACTIONHEADER VARCHAR(500),
  TRANSACTIONTYPECODE VARCHAR(500),
  TRANSFERORDERTYPE VARCHAR(500),
  TRANSPORTATIONDISTRIBUTOR VARCHAR(500),
  TRANSPORTATIONZIMMER VARCHAR(500),
  TRXSALESREPNAME VARCHAR(500),
  TRXSALESREPNUMBER VARCHAR(500),
  TRXTERRITORYID VARCHAR(500),
  TRXTERRITORYNAME VARCHAR(500),
  TXNCOUNTY VARCHAR(500),
  TXNCUSTOMERNAME VARCHAR(500),
  TXNCUSTOMERNUMBER VARCHAR(500),
  TXNSURGEONID VARCHAR(500),
  TXNSURGEONNAME VARCHAR(500),
  UNITLISTPRICE VARCHAR(500),
  UNITSALEPRICE VARCHAR(500),
  Z_TO_ZINDICATOR VARCHAR(500)
);

INSERT INTO T_CM_Z1_SALES (ACCTSRECEIVABLEVALUE, ADJDETAILREPORTTABLENUM, BUSINESSSEGMENT, BUSINESSSEGMENTDESCRIPTION, COMMISSIONCODE, CONTRACTNAME, CONTRACTNUMBER, COSTCENTER, COUNTY, COUNTYDESCRIPTION, CUSTOMERFREIGHT, CUSTOMERNAME, CUSTOMERNUMBER, CUSTOMERNUMBERSHIPTO, CUSTOMERPATTERN, CUSTOMERPO, CUSTOMERTYPE, ETL_CREATE_DTE, ETL_LOAD_DTE, ETL_MD5, ETL_UPDT_FLG, INVOICEDATE, INVOICENUMBER, ITEMCLASS, ITEMCLASSDESCRIPTION, ITEMDESCRIPTION, ITEMNUMBER, LINEITEMNUMBER, ORDERNUMBER, ORDERTYPE, OTHERTAXES, PRICINGPENALTYPRORATION, QUANTITYSHIPPED, RAFINVOICEDATE, RESTOCKFEE, SALESADJUSTMENTNAME, SALESADJUSTMENTTYPE, SALESTAX, SHIPVIADESC, SMS_CASE_NUMBER, SOURCESYSTEM, SPECIALCHARGES, SURGEONID, SURGEONNAME, SURGERYDATE, T_CM_Z1_SALES_ID, TERRITORYID, TRAILERRECORD_YN, TRANSACTIONHEADER, TRANSACTIONTYPECODE, TRANSFERORDERTYPE, TRANSPORTATIONDISTRIBUTOR, TRANSPORTATIONZIMMER, TRXSALESREPNAME, TRXSALESREPNUMBER, TRXTERRITORYID, TRXTERRITORYNAME, TXNCOUNTY, TXNCUSTOMERNAME, TXNCUSTOMERNUMBER, TXNSURGEONID, TXNSURGEONNAME, UNITLISTPRICE, UNITSALEPRICE, Z_TO_ZINDICATOR) VALUES ('TEST_ACCTSRECEIVABLEVALUE_1', '1000', 'TEST_BUSINESSSEGMENT_1', 'TEST_BUSINESSSEGMENTDESCRIPTION_1', 'TEST_COMMISSIONCODE_1', 'TEST_CONTRACTNAME_1', '1000', '100.00', 'TEST_COUNTY_1', 'TEST_COUNTYDESCRIPTION_1', 'TEST_CUSTOMERFREIGHT_1', 'TEST_CUSTOMERNAME_1', '1000', '1000', 'TEST_CUSTOMERPATTERN_1', 'TEST_CUSTOMERPO_1', 'TEST_CUSTOMERTYPE_1', '20240101', '20240101', 'TEST_ETL_MD5_1', '20240101', '20240101', '1000', 'TEST_ITEMCLASS_1', 'TEST_ITEMCLASSDESCRIPTION_1', 'TEST_ITEMDESCRIPTION_1', '1000', '1000', '1000', 'TEST_ORDERTYPE_1', 'TEST_OTHERTAXES_1', 'TEST_PRICINGPENALTYPRORATION_1', '100.00', '20240101', 'TEST_RESTOCKFEE_1', 'TEST_SALESADJUSTMENTNAME_1', 'TEST_SALESADJUSTMENTTYPE_1', 'TEST_SALESTAX_1', 'TEST_SHIPVIADESC_1', '1000', 'TEST_SOURCESYSTEM_1', 'TEST_SPECIALCHARGES_1', '1000', 'TEST_SURGEONNAME_1', '20240101', '1000', '1000', 'TEST_TRAILERRECORD_YN_1', 'TEST_TRANSACTIONHEADER_1', 'TEST_TRANSACTIONTYPECODE_1', 'TEST_TRANSFERORDERTYPE_1', 'TEST_TRANSPORTATIONDISTRIBUTOR_1', 'TEST_TRANSPORTATIONZIMMER_1', 'TEST_TRXSALESREPNAME_1', '1000', '1000', 'TEST_TRXTERRITORYNAME_1', 'TEST_TXNCOUNTY_1', 'TEST_TXNCUSTOMERNAME_1', '1000', '1000', 'TEST_TXNSURGEONNAME_1', '100.00', '100.00', 'TEST_Z_TO_ZINDICATOR_1');
INSERT INTO T_CM_Z1_SALES (ACCTSRECEIVABLEVALUE, ADJDETAILREPORTTABLENUM, BUSINESSSEGMENT, BUSINESSSEGMENTDESCRIPTION, COMMISSIONCODE, CONTRACTNAME, CONTRACTNUMBER, COSTCENTER, COUNTY, COUNTYDESCRIPTION, CUSTOMERFREIGHT, CUSTOMERNAME, CUSTOMERNUMBER, CUSTOMERNUMBERSHIPTO, CUSTOMERPATTERN, CUSTOMERPO, CUSTOMERTYPE, ETL_CREATE_DTE, ETL_LOAD_DTE, ETL_MD5, ETL_UPDT_FLG, INVOICEDATE, INVOICENUMBER, ITEMCLASS, ITEMCLASSDESCRIPTION, ITEMDESCRIPTION, ITEMNUMBER, LINEITEMNUMBER, ORDERNUMBER, ORDERTYPE, OTHERTAXES, PRICINGPENALTYPRORATION, QUANTITYSHIPPED, RAFINVOICEDATE, RESTOCKFEE, SALESADJUSTMENTNAME, SALESADJUSTMENTTYPE, SALESTAX, SHIPVIADESC, SMS_CASE_NUMBER, SOURCESYSTEM, SPECIALCHARGES, SURGEONID, SURGEONNAME, SURGERYDATE, T_CM_Z1_SALES_ID, TERRITORYID, TRAILERRECORD_YN, TRANSACTIONHEADER, TRANSACTIONTYPECODE, TRANSFERORDERTYPE, TRANSPORTATIONDISTRIBUTOR, TRANSPORTATIONZIMMER, TRXSALESREPNAME, TRXSALESREPNUMBER, TRXTERRITORYID, TRXTERRITORYNAME, TXNCOUNTY, TXNCUSTOMERNAME, TXNCUSTOMERNUMBER, TXNSURGEONID, TXNSURGEONNAME, UNITLISTPRICE, UNITSALEPRICE, Z_TO_ZINDICATOR) VALUES ('TEST_ACCTSRECEIVABLEVALUE_2', '2000', 'TEST_BUSINESSSEGMENT_2', 'TEST_BUSINESSSEGMENTDESCRIPTION_2', 'TEST_COMMISSIONCODE_2', 'TEST_CONTRACTNAME_2', '2000', '200.00', 'TEST_COUNTY_2', 'TEST_COUNTYDESCRIPTION_2', 'TEST_CUSTOMERFREIGHT_2', 'TEST_CUSTOMERNAME_2', '2000', '2000', 'TEST_CUSTOMERPATTERN_2', 'TEST_CUSTOMERPO_2', 'TEST_CUSTOMERTYPE_2', '20240102', '20240102', 'TEST_ETL_MD5_2', '20240102', '20240102', '2000', 'TEST_ITEMCLASS_2', 'TEST_ITEMCLASSDESCRIPTION_2', 'TEST_ITEMDESCRIPTION_2', '2000', '2000', '2000', 'TEST_ORDERTYPE_2', 'TEST_OTHERTAXES_2', 'TEST_PRICINGPENALTYPRORATION_2', '200.00', '20240102', 'TEST_RESTOCKFEE_2', 'TEST_SALESADJUSTMENTNAME_2', 'TEST_SALESADJUSTMENTTYPE_2', 'TEST_SALESTAX_2', 'TEST_SHIPVIADESC_2', '2000', 'TEST_SOURCESYSTEM_2', 'TEST_SPECIALCHARGES_2', '2000', 'TEST_SURGEONNAME_2', '20240102', '2000', '2000', 'TEST_TRAILERRECORD_YN_2', 'TEST_TRANSACTIONHEADER_2', 'TEST_TRANSACTIONTYPECODE_2', 'TEST_TRANSFERORDERTYPE_2', 'TEST_TRANSPORTATIONDISTRIBUTOR_2', 'TEST_TRANSPORTATIONZIMMER_2', 'TEST_TRXSALESREPNAME_2', '2000', '2000', 'TEST_TRXTERRITORYNAME_2', 'TEST_TXNCOUNTY_2', 'TEST_TXNCUSTOMERNAME_2', '2000', '2000', 'TEST_TXNSURGEONNAME_2', '200.00', '200.00', 'TEST_Z_TO_ZINDICATOR_2');
INSERT INTO T_CM_Z1_SALES (ACCTSRECEIVABLEVALUE, ADJDETAILREPORTTABLENUM, BUSINESSSEGMENT, BUSINESSSEGMENTDESCRIPTION, COMMISSIONCODE, CONTRACTNAME, CONTRACTNUMBER, COSTCENTER, COUNTY, COUNTYDESCRIPTION, CUSTOMERFREIGHT, CUSTOMERNAME, CUSTOMERNUMBER, CUSTOMERNUMBERSHIPTO, CUSTOMERPATTERN, CUSTOMERPO, CUSTOMERTYPE, ETL_CREATE_DTE, ETL_LOAD_DTE, ETL_MD5, ETL_UPDT_FLG, INVOICEDATE, INVOICENUMBER, ITEMCLASS, ITEMCLASSDESCRIPTION, ITEMDESCRIPTION, ITEMNUMBER, LINEITEMNUMBER, ORDERNUMBER, ORDERTYPE, OTHERTAXES, PRICINGPENALTYPRORATION, QUANTITYSHIPPED, RAFINVOICEDATE, RESTOCKFEE, SALESADJUSTMENTNAME, SALESADJUSTMENTTYPE, SALESTAX, SHIPVIADESC, SMS_CASE_NUMBER, SOURCESYSTEM, SPECIALCHARGES, SURGEONID, SURGEONNAME, SURGERYDATE, T_CM_Z1_SALES_ID, TERRITORYID, TRAILERRECORD_YN, TRANSACTIONHEADER, TRANSACTIONTYPECODE, TRANSFERORDERTYPE, TRANSPORTATIONDISTRIBUTOR, TRANSPORTATIONZIMMER, TRXSALESREPNAME, TRXSALESREPNUMBER, TRXTERRITORYID, TRXTERRITORYNAME, TXNCOUNTY, TXNCUSTOMERNAME, TXNCUSTOMERNUMBER, TXNSURGEONID, TXNSURGEONNAME, UNITLISTPRICE, UNITSALEPRICE, Z_TO_ZINDICATOR) VALUES ('TEST_ACCTSRECEIVABLEVALUE_3', '3000', 'TEST_BUSINESSSEGMENT_3', 'TEST_BUSINESSSEGMENTDESCRIPTION_3', 'TEST_COMMISSIONCODE_3', 'TEST_CONTRACTNAME_3', '3000', '300.00', 'TEST_COUNTY_3', 'TEST_COUNTYDESCRIPTION_3', 'TEST_CUSTOMERFREIGHT_3', 'TEST_CUSTOMERNAME_3', '3000', '3000', 'TEST_CUSTOMERPATTERN_3', 'TEST_CUSTOMERPO_3', 'TEST_CUSTOMERTYPE_3', '20240103', '20240103', 'TEST_ETL_MD5_3', '20240103', '20240103', '3000', 'TEST_ITEMCLASS_3', 'TEST_ITEMCLASSDESCRIPTION_3', 'TEST_ITEMDESCRIPTION_3', '3000', '3000', '3000', 'TEST_ORDERTYPE_3', 'TEST_OTHERTAXES_3', 'TEST_PRICINGPENALTYPRORATION_3', '300.00', '20240103', 'TEST_RESTOCKFEE_3', 'TEST_SALESADJUSTMENTNAME_3', 'TEST_SALESADJUSTMENTTYPE_3', 'TEST_SALESTAX_3', 'TEST_SHIPVIADESC_3', '3000', 'TEST_SOURCESYSTEM_3', 'TEST_SPECIALCHARGES_3', '3000', 'TEST_SURGEONNAME_3', '20240103', '3000', '3000', 'TEST_TRAILERRECORD_YN_3', 'TEST_TRANSACTIONHEADER_3', 'TEST_TRANSACTIONTYPECODE_3', 'TEST_TRANSFERORDERTYPE_3', 'TEST_TRANSPORTATIONDISTRIBUTOR_3', 'TEST_TRANSPORTATIONZIMMER_3', 'TEST_TRXSALESREPNAME_3', '3000', '3000', 'TEST_TRXTERRITORYNAME_3', 'TEST_TXNCOUNTY_3', 'TEST_TXNCUSTOMERNAME_3', '3000', '3000', 'TEST_TXNSURGEONNAME_3', '300.00', '300.00', 'TEST_Z_TO_ZINDICATOR_3');

CREATE OR REPLACE TABLE ZJGLAPTIN (
  AMOUNT_LOC_ZJ VARCHAR(500),
  AMOUNT_ZJ VARCHAR(500),
  DATAPAKID VARCHAR(500),
  DESC_LONG_ZJ VARCHAR(500),
  FISCAL_PER_ZJ VARCHAR(500),
  GLANI_ZJ VARCHAR(500),
  GLBCRC_ZJ VARCHAR(500),
  GLCRCD_ZJ VARCHAR(500),
  GLDCT_ZJ VARCHAR(500),
  GLDGJ_ZJ VARCHAR(500),
  GLDOC_ZJ VARCHAR(500),
  GLEXR_ZJ VARCHAR(500),
  GLJELN_ZJ VARCHAR(500),
  GLMCU_ZJ VARCHAR(500),
  GLPO_ZJ VARCHAR(500),
  GLSBL_ZJ VARCHAR(500),
  GLVINV_ZJ VARCHAR(500),
  GMDL01_ZJ VARCHAR(500),
  LINE_DESC_ZJ VARCHAR(500),
  OHREQUID VARCHAR(500),
  RECORD VARCHAR(500),
  VENDOR_ID_ZJ VARCHAR(500),
  VENDOR_NAME_ZJ VARCHAR(500)
);

INSERT INTO ZJGLAPTIN (AMOUNT_LOC_ZJ, AMOUNT_ZJ, DATAPAKID, DESC_LONG_ZJ, FISCAL_PER_ZJ, GLANI_ZJ, GLBCRC_ZJ, GLCRCD_ZJ, GLDCT_ZJ, GLDGJ_ZJ, GLDOC_ZJ, GLEXR_ZJ, GLJELN_ZJ, GLMCU_ZJ, GLPO_ZJ, GLSBL_ZJ, GLVINV_ZJ, GMDL01_ZJ, LINE_DESC_ZJ, OHREQUID, RECORD, VENDOR_ID_ZJ, VENDOR_NAME_ZJ) VALUES ('100.00', '100.00', '1000', 'TEST_DESC_LONG_ZJ_1', 'TEST_FISCAL_PER_ZJ_1', 'TEST_GLANI_ZJ_1', 'TEST_GLBCRC_ZJ_1', 'TEST_GLCRCD_ZJ_1', 'TEST_GLDCT_ZJ_1', 'TEST_GLDGJ_ZJ_1', 'TEST_GLDOC_ZJ_1', 'TEST_GLEXR_ZJ_1', 'TEST_GLJELN_ZJ_1', 'TEST_GLMCU_ZJ_1', 'TEST_GLPO_ZJ_1', 'TEST_GLSBL_ZJ_1', 'TEST_GLVINV_ZJ_1', 'TEST_GMDL01_ZJ_1', 'TEST_LINE_DESC_ZJ_1', '1000', 'TEST_RECORD_1', '1000', 'TEST_VENDOR_NAME_ZJ_1');
INSERT INTO ZJGLAPTIN (AMOUNT_LOC_ZJ, AMOUNT_ZJ, DATAPAKID, DESC_LONG_ZJ, FISCAL_PER_ZJ, GLANI_ZJ, GLBCRC_ZJ, GLCRCD_ZJ, GLDCT_ZJ, GLDGJ_ZJ, GLDOC_ZJ, GLEXR_ZJ, GLJELN_ZJ, GLMCU_ZJ, GLPO_ZJ, GLSBL_ZJ, GLVINV_ZJ, GMDL01_ZJ, LINE_DESC_ZJ, OHREQUID, RECORD, VENDOR_ID_ZJ, VENDOR_NAME_ZJ) VALUES ('200.00', '200.00', '2000', 'TEST_DESC_LONG_ZJ_2', 'TEST_FISCAL_PER_ZJ_2', 'TEST_GLANI_ZJ_2', 'TEST_GLBCRC_ZJ_2', 'TEST_GLCRCD_ZJ_2', 'TEST_GLDCT_ZJ_2', 'TEST_GLDGJ_ZJ_2', 'TEST_GLDOC_ZJ_2', 'TEST_GLEXR_ZJ_2', 'TEST_GLJELN_ZJ_2', 'TEST_GLMCU_ZJ_2', 'TEST_GLPO_ZJ_2', 'TEST_GLSBL_ZJ_2', 'TEST_GLVINV_ZJ_2', 'TEST_GMDL01_ZJ_2', 'TEST_LINE_DESC_ZJ_2', '2000', 'TEST_RECORD_2', '2000', 'TEST_VENDOR_NAME_ZJ_2');
INSERT INTO ZJGLAPTIN (AMOUNT_LOC_ZJ, AMOUNT_ZJ, DATAPAKID, DESC_LONG_ZJ, FISCAL_PER_ZJ, GLANI_ZJ, GLBCRC_ZJ, GLCRCD_ZJ, GLDCT_ZJ, GLDGJ_ZJ, GLDOC_ZJ, GLEXR_ZJ, GLJELN_ZJ, GLMCU_ZJ, GLPO_ZJ, GLSBL_ZJ, GLVINV_ZJ, GMDL01_ZJ, LINE_DESC_ZJ, OHREQUID, RECORD, VENDOR_ID_ZJ, VENDOR_NAME_ZJ) VALUES ('300.00', '300.00', '3000', 'TEST_DESC_LONG_ZJ_3', 'TEST_FISCAL_PER_ZJ_3', 'TEST_GLANI_ZJ_3', 'TEST_GLBCRC_ZJ_3', 'TEST_GLCRCD_ZJ_3', 'TEST_GLDCT_ZJ_3', 'TEST_GLDGJ_ZJ_3', 'TEST_GLDOC_ZJ_3', 'TEST_GLEXR_ZJ_3', 'TEST_GLJELN_ZJ_3', 'TEST_GLMCU_ZJ_3', 'TEST_GLPO_ZJ_3', 'TEST_GLSBL_ZJ_3', 'TEST_GLVINV_ZJ_3', 'TEST_GMDL01_ZJ_3', 'TEST_LINE_DESC_ZJ_3', '3000', 'TEST_RECORD_3', '3000', 'TEST_VENDOR_NAME_ZJ_3');

CREATE OR REPLACE TABLE CSTMR_RGSTRD_MARK_JN_GRP (
  MARK_CD VARCHAR(500)
);

INSERT INTO CSTMR_RGSTRD_MARK_JN_GRP (MARK_CD) VALUES ('TEST_MARK_CD_1');
INSERT INTO CSTMR_RGSTRD_MARK_JN_GRP (MARK_CD) VALUES ('TEST_MARK_CD_2');
INSERT INTO CSTMR_RGSTRD_MARK_JN_GRP (MARK_CD) VALUES ('TEST_MARK_CD_3');

CREATE OR REPLACE TABLE DIM_EQUIPMENT (
  AAR_CAR_CD VARCHAR(500),
  AAR_EQPMNT_POOL_ID VARCHAR(500),
  CAR_KIND_CD VARCHAR(500),
  CAR_OWNERSHIP VARCHAR(500),
  CPR_EQPMNT_POOL_ID VARCHAR(500),
  CP_OWNED_IND VARCHAR(500),
  DMTR_UOM_BASIS_CD VARCHAR(500),
  EDW_CREATE_USER VARCHAR(500),
  EDW_CURRENT_FLG VARCHAR(500),
  EDW_SRC_BK_MD5_ID VARCHAR(500),
  EDW_SRC_BPK_MD5_ID VARCHAR(500),
  EDW_UPDATE_USER VARCHAR(500),
  EIN_NBR VARCHAR(500),
  EQPMNT_GROUP_CD VARCHAR(500),
  EQPUN_NBR VARCHAR(500),
  FLEET_NM VARCHAR(500),
  FLEET_SBGRP_CTGRY_NM VARCHAR(500),
  GROSS_WEIGHT_UOM_BASIS_CD VARCHAR(500),
  LEASED_IND VARCHAR(500),
  LESSEE_MARK_CD VARCHAR(500),
  LINEAL_FRCTNL_UOM_BASIS_CD VARCHAR(500),
  LINEAL_UOM_BASIS_CD VARCHAR(500),
  LIQUID_UOM_BASIS_CD VARCHAR(500),
  MARK_CD VARCHAR(500),
  MCHNCL_DSGNTN_CD VARCHAR(500),
  OWNER_MARK_CD VARCHAR(500),
  PARTY_NM VARCHAR(500),
  PLATE_CLRNC_CD VARCHAR(500),
  PRDCT_NM VARCHAR(500),
  PRIOR_EQPUN_NBR VARCHAR(500),
  PRIOR_MARK_CD VARCHAR(500),
  RATE_CD VARCHAR(500),
  RBLT_CD VARCHAR(500),
  REGISTERED_IND VARCHAR(500),
  SPEED_UOM_BASIS_CD VARCHAR(500),
  SRVC_LIFE_CD VARCHAR(500),
  STATUS_CD VARCHAR(500),
  STNCL_MARK_OWNER_CLASS_CD VARCHAR(500),
  TARGET_EQPMT_CTGRY_NM VARCHAR(500),
  TRY_CASTAAR_CAR_CD_ID VARCHAR(500),
  TRY_CASTAXLE_QTY VARCHAR(500),
  TRY_CASTDIM_EQUIPMENT_ID VARCHAR(500),
  TRY_CASTEQPMNT_POOL_ID VARCHAR(500),
  TRY_CASTGROSS_WEIGHT_QTY VARCHAR(500),
  TRY_CASTOTSD_EXTRM_HEIGHT_QTY VARCHAR(500),
  TRY_CASTOTSD_EXTRM_WIDTH_QTY VARCHAR(500),
  TRY_CASTOTSD_HEIGHT_EXTRM_WIDTH_QTY VARCHAR(500),
  TRY_CASTOTSD_LENGTH_QTY VARCHAR(500),
  TRY_CASTTARE_WEIGHT_QTY VARCHAR(500),
  TRY_TO_TIMESTAMPBUILT_DT VARCHAR(500),
  TRY_TO_TIMESTAMPDLTD_TMS VARCHAR(500),
  TRY_TO_TIMESTAMPEDW_CREATE_TMS VARCHAR(500),
  TRY_TO_TIMESTAMPEDW_END_EFCTV_DT VARCHAR(500),
  TRY_TO_TIMESTAMPEDW_START_EFCTV_DT VARCHAR(500),
  TRY_TO_TIMESTAMPEDW_UPDATE_TMS VARCHAR(500),
  TRY_TO_TIMESTAMPEFCTV_TMS VARCHAR(500),
  TRY_TO_TIMESTAMPMAX_EFCTV_TMS VARCHAR(500),
  TRY_TO_TIMESTAMPRBLT_DT VARCHAR(500),
  UCA_CODES VARCHAR(500),
  VOLUME_UOM_BASIS_CD VARCHAR(500),
  WEIGHT_UOM_BASIS_CD VARCHAR(500)
);

INSERT INTO DIM_EQUIPMENT (AAR_CAR_CD, AAR_EQPMNT_POOL_ID, CAR_KIND_CD, CAR_OWNERSHIP, CPR_EQPMNT_POOL_ID, CP_OWNED_IND, DMTR_UOM_BASIS_CD, EDW_CREATE_USER, EDW_CURRENT_FLG, EDW_SRC_BK_MD5_ID, EDW_SRC_BPK_MD5_ID, EDW_UPDATE_USER, EIN_NBR, EQPMNT_GROUP_CD, EQPUN_NBR, FLEET_NM, FLEET_SBGRP_CTGRY_NM, GROSS_WEIGHT_UOM_BASIS_CD, LEASED_IND, LESSEE_MARK_CD, LINEAL_FRCTNL_UOM_BASIS_CD, LINEAL_UOM_BASIS_CD, LIQUID_UOM_BASIS_CD, MARK_CD, MCHNCL_DSGNTN_CD, OWNER_MARK_CD, PARTY_NM, PLATE_CLRNC_CD, PRDCT_NM, PRIOR_EQPUN_NBR, PRIOR_MARK_CD, RATE_CD, RBLT_CD, REGISTERED_IND, SPEED_UOM_BASIS_CD, SRVC_LIFE_CD, STATUS_CD, STNCL_MARK_OWNER_CLASS_CD, TARGET_EQPMT_CTGRY_NM, TRY_CASTAAR_CAR_CD_ID, TRY_CASTAXLE_QTY, TRY_CASTDIM_EQUIPMENT_ID, TRY_CASTEQPMNT_POOL_ID, TRY_CASTGROSS_WEIGHT_QTY, TRY_CASTOTSD_EXTRM_HEIGHT_QTY, TRY_CASTOTSD_EXTRM_WIDTH_QTY, TRY_CASTOTSD_HEIGHT_EXTRM_WIDTH_QTY, TRY_CASTOTSD_LENGTH_QTY, TRY_CASTTARE_WEIGHT_QTY, TRY_TO_TIMESTAMPBUILT_DT, TRY_TO_TIMESTAMPDLTD_TMS, TRY_TO_TIMESTAMPEDW_CREATE_TMS, TRY_TO_TIMESTAMPEDW_END_EFCTV_DT, TRY_TO_TIMESTAMPEDW_START_EFCTV_DT, TRY_TO_TIMESTAMPEDW_UPDATE_TMS, TRY_TO_TIMESTAMPEFCTV_TMS, TRY_TO_TIMESTAMPMAX_EFCTV_TMS, TRY_TO_TIMESTAMPRBLT_DT, UCA_CODES, VOLUME_UOM_BASIS_CD, WEIGHT_UOM_BASIS_CD) VALUES ('TEST_AAR_CAR_CD_1', '1000', 'TEST_CAR_KIND_CD_1', 'TEST_CAR_OWNERSHIP_1', '1000', 'TEST_CP_OWNED_IND_1', 'TEST_DMTR_UOM_BASIS_CD_1', 'TEST_EDW_CREATE_USER_1', 'TEST_EDW_CURRENT_FLG_1', '1000', '1000', '20240101', '1000', 'TEST_EQPMNT_GROUP_CD_1', '1000', 'TEST_FLEET_NM_1', 'TEST_FLEET_SBGRP_CTGRY_NM_1', 'TEST_GROSS_WEIGHT_UOM_BASIS_CD_1', 'TEST_LEASED_IND_1', 'TEST_LESSEE_MARK_CD_1', 'TEST_LINEAL_FRCTNL_UOM_BASIS_CD_1', 'TEST_LINEAL_UOM_BASIS_CD_1', '1000', 'TEST_MARK_CD_1', 'TEST_MCHNCL_DSGNTN_CD_1', 'TEST_OWNER_MARK_CD_1', 'TEST_PARTY_NM_1', 'TEST_PLATE_CLRNC_CD_1', 'TEST_PRDCT_NM_1', '1000', 'TEST_PRIOR_MARK_CD_1', 'TEST_RATE_CD_1', 'TEST_RBLT_CD_1', 'TEST_REGISTERED_IND_1', 'TEST_SPEED_UOM_BASIS_CD_1', 'TEST_SRVC_LIFE_CD_1', 'TEST_STATUS_CD_1', 'TEST_STNCL_MARK_OWNER_CLASS_CD_1', 'TEST_TARGET_EQPMT_CTGRY_NM_1', '1000', '100.00', '1000', '1000', '100.00', '100.00', '20240101', '20240101', '100.00', '100.00', '20240101', 'TEST_TRY_TO_TIMESTAMPDLTD_TMS_1', 'TEST_TRY_TO_TIMESTAMPEDW_CREATE_TMS_1', '20240101', '20240101', '20240101', 'TEST_TRY_TO_TIMESTAMPEFCTV_TMS_1', 'TEST_TRY_TO_TIMESTAMPMAX_EFCTV_TMS_1', '20240101', 'TEST_UCA_CODES_1', 'TEST_VOLUME_UOM_BASIS_CD_1', 'TEST_WEIGHT_UOM_BASIS_CD_1');
INSERT INTO DIM_EQUIPMENT (AAR_CAR_CD, AAR_EQPMNT_POOL_ID, CAR_KIND_CD, CAR_OWNERSHIP, CPR_EQPMNT_POOL_ID, CP_OWNED_IND, DMTR_UOM_BASIS_CD, EDW_CREATE_USER, EDW_CURRENT_FLG, EDW_SRC_BK_MD5_ID, EDW_SRC_BPK_MD5_ID, EDW_UPDATE_USER, EIN_NBR, EQPMNT_GROUP_CD, EQPUN_NBR, FLEET_NM, FLEET_SBGRP_CTGRY_NM, GROSS_WEIGHT_UOM_BASIS_CD, LEASED_IND, LESSEE_MARK_CD, LINEAL_FRCTNL_UOM_BASIS_CD, LINEAL_UOM_BASIS_CD, LIQUID_UOM_BASIS_CD, MARK_CD, MCHNCL_DSGNTN_CD, OWNER_MARK_CD, PARTY_NM, PLATE_CLRNC_CD, PRDCT_NM, PRIOR_EQPUN_NBR, PRIOR_MARK_CD, RATE_CD, RBLT_CD, REGISTERED_IND, SPEED_UOM_BASIS_CD, SRVC_LIFE_CD, STATUS_CD, STNCL_MARK_OWNER_CLASS_CD, TARGET_EQPMT_CTGRY_NM, TRY_CASTAAR_CAR_CD_ID, TRY_CASTAXLE_QTY, TRY_CASTDIM_EQUIPMENT_ID, TRY_CASTEQPMNT_POOL_ID, TRY_CASTGROSS_WEIGHT_QTY, TRY_CASTOTSD_EXTRM_HEIGHT_QTY, TRY_CASTOTSD_EXTRM_WIDTH_QTY, TRY_CASTOTSD_HEIGHT_EXTRM_WIDTH_QTY, TRY_CASTOTSD_LENGTH_QTY, TRY_CASTTARE_WEIGHT_QTY, TRY_TO_TIMESTAMPBUILT_DT, TRY_TO_TIMESTAMPDLTD_TMS, TRY_TO_TIMESTAMPEDW_CREATE_TMS, TRY_TO_TIMESTAMPEDW_END_EFCTV_DT, TRY_TO_TIMESTAMPEDW_START_EFCTV_DT, TRY_TO_TIMESTAMPEDW_UPDATE_TMS, TRY_TO_TIMESTAMPEFCTV_TMS, TRY_TO_TIMESTAMPMAX_EFCTV_TMS, TRY_TO_TIMESTAMPRBLT_DT, UCA_CODES, VOLUME_UOM_BASIS_CD, WEIGHT_UOM_BASIS_CD) VALUES ('TEST_AAR_CAR_CD_2', '2000', 'TEST_CAR_KIND_CD_2', 'TEST_CAR_OWNERSHIP_2', '2000', 'TEST_CP_OWNED_IND_2', 'TEST_DMTR_UOM_BASIS_CD_2', 'TEST_EDW_CREATE_USER_2', 'TEST_EDW_CURRENT_FLG_2', '2000', '2000', '20240102', '2000', 'TEST_EQPMNT_GROUP_CD_2', '2000', 'TEST_FLEET_NM_2', 'TEST_FLEET_SBGRP_CTGRY_NM_2', 'TEST_GROSS_WEIGHT_UOM_BASIS_CD_2', 'TEST_LEASED_IND_2', 'TEST_LESSEE_MARK_CD_2', 'TEST_LINEAL_FRCTNL_UOM_BASIS_CD_2', 'TEST_LINEAL_UOM_BASIS_CD_2', '2000', 'TEST_MARK_CD_2', 'TEST_MCHNCL_DSGNTN_CD_2', 'TEST_OWNER_MARK_CD_2', 'TEST_PARTY_NM_2', 'TEST_PLATE_CLRNC_CD_2', 'TEST_PRDCT_NM_2', '2000', 'TEST_PRIOR_MARK_CD_2', 'TEST_RATE_CD_2', 'TEST_RBLT_CD_2', 'TEST_REGISTERED_IND_2', 'TEST_SPEED_UOM_BASIS_CD_2', 'TEST_SRVC_LIFE_CD_2', 'TEST_STATUS_CD_2', 'TEST_STNCL_MARK_OWNER_CLASS_CD_2', 'TEST_TARGET_EQPMT_CTGRY_NM_2', '2000', '200.00', '2000', '2000', '200.00', '200.00', '20240102', '20240102', '200.00', '200.00', '20240102', 'TEST_TRY_TO_TIMESTAMPDLTD_TMS_2', 'TEST_TRY_TO_TIMESTAMPEDW_CREATE_TMS_2', '20240102', '20240102', '20240102', 'TEST_TRY_TO_TIMESTAMPEFCTV_TMS_2', 'TEST_TRY_TO_TIMESTAMPMAX_EFCTV_TMS_2', '20240102', 'TEST_UCA_CODES_2', 'TEST_VOLUME_UOM_BASIS_CD_2', 'TEST_WEIGHT_UOM_BASIS_CD_2');
INSERT INTO DIM_EQUIPMENT (AAR_CAR_CD, AAR_EQPMNT_POOL_ID, CAR_KIND_CD, CAR_OWNERSHIP, CPR_EQPMNT_POOL_ID, CP_OWNED_IND, DMTR_UOM_BASIS_CD, EDW_CREATE_USER, EDW_CURRENT_FLG, EDW_SRC_BK_MD5_ID, EDW_SRC_BPK_MD5_ID, EDW_UPDATE_USER, EIN_NBR, EQPMNT_GROUP_CD, EQPUN_NBR, FLEET_NM, FLEET_SBGRP_CTGRY_NM, GROSS_WEIGHT_UOM_BASIS_CD, LEASED_IND, LESSEE_MARK_CD, LINEAL_FRCTNL_UOM_BASIS_CD, LINEAL_UOM_BASIS_CD, LIQUID_UOM_BASIS_CD, MARK_CD, MCHNCL_DSGNTN_CD, OWNER_MARK_CD, PARTY_NM, PLATE_CLRNC_CD, PRDCT_NM, PRIOR_EQPUN_NBR, PRIOR_MARK_CD, RATE_CD, RBLT_CD, REGISTERED_IND, SPEED_UOM_BASIS_CD, SRVC_LIFE_CD, STATUS_CD, STNCL_MARK_OWNER_CLASS_CD, TARGET_EQPMT_CTGRY_NM, TRY_CASTAAR_CAR_CD_ID, TRY_CASTAXLE_QTY, TRY_CASTDIM_EQUIPMENT_ID, TRY_CASTEQPMNT_POOL_ID, TRY_CASTGROSS_WEIGHT_QTY, TRY_CASTOTSD_EXTRM_HEIGHT_QTY, TRY_CASTOTSD_EXTRM_WIDTH_QTY, TRY_CASTOTSD_HEIGHT_EXTRM_WIDTH_QTY, TRY_CASTOTSD_LENGTH_QTY, TRY_CASTTARE_WEIGHT_QTY, TRY_TO_TIMESTAMPBUILT_DT, TRY_TO_TIMESTAMPDLTD_TMS, TRY_TO_TIMESTAMPEDW_CREATE_TMS, TRY_TO_TIMESTAMPEDW_END_EFCTV_DT, TRY_TO_TIMESTAMPEDW_START_EFCTV_DT, TRY_TO_TIMESTAMPEDW_UPDATE_TMS, TRY_TO_TIMESTAMPEFCTV_TMS, TRY_TO_TIMESTAMPMAX_EFCTV_TMS, TRY_TO_TIMESTAMPRBLT_DT, UCA_CODES, VOLUME_UOM_BASIS_CD, WEIGHT_UOM_BASIS_CD) VALUES ('TEST_AAR_CAR_CD_3', '3000', 'TEST_CAR_KIND_CD_3', 'TEST_CAR_OWNERSHIP_3', '3000', 'TEST_CP_OWNED_IND_3', 'TEST_DMTR_UOM_BASIS_CD_3', 'TEST_EDW_CREATE_USER_3', 'TEST_EDW_CURRENT_FLG_3', '3000', '3000', '20240103', '3000', 'TEST_EQPMNT_GROUP_CD_3', '3000', 'TEST_FLEET_NM_3', 'TEST_FLEET_SBGRP_CTGRY_NM_3', 'TEST_GROSS_WEIGHT_UOM_BASIS_CD_3', 'TEST_LEASED_IND_3', 'TEST_LESSEE_MARK_CD_3', 'TEST_LINEAL_FRCTNL_UOM_BASIS_CD_3', 'TEST_LINEAL_UOM_BASIS_CD_3', '3000', 'TEST_MARK_CD_3', 'TEST_MCHNCL_DSGNTN_CD_3', 'TEST_OWNER_MARK_CD_3', 'TEST_PARTY_NM_3', 'TEST_PLATE_CLRNC_CD_3', 'TEST_PRDCT_NM_3', '3000', 'TEST_PRIOR_MARK_CD_3', 'TEST_RATE_CD_3', 'TEST_RBLT_CD_3', 'TEST_REGISTERED_IND_3', 'TEST_SPEED_UOM_BASIS_CD_3', 'TEST_SRVC_LIFE_CD_3', 'TEST_STATUS_CD_3', 'TEST_STNCL_MARK_OWNER_CLASS_CD_3', 'TEST_TARGET_EQPMT_CTGRY_NM_3', '3000', '300.00', '3000', '3000', '300.00', '300.00', '20240103', '20240103', '300.00', '300.00', '20240103', 'TEST_TRY_TO_TIMESTAMPDLTD_TMS_3', 'TEST_TRY_TO_TIMESTAMPEDW_CREATE_TMS_3', '20240103', '20240103', '20240103', 'TEST_TRY_TO_TIMESTAMPEFCTV_TMS_3', 'TEST_TRY_TO_TIMESTAMPMAX_EFCTV_TMS_3', '20240103', 'TEST_UCA_CODES_3', 'TEST_VOLUME_UOM_BASIS_CD_3', 'TEST_WEIGHT_UOM_BASIS_CD_3');

CREATE OR REPLACE TABLE DIM_LOCOMOTIVE (
  EQPUN_NBR VARCHAR(500),
  MARK_CD VARCHAR(500),
  TRY_CASTHRSPWR_QTY VARCHAR(500)
);

INSERT INTO DIM_LOCOMOTIVE (EQPUN_NBR, MARK_CD, TRY_CASTHRSPWR_QTY) VALUES ('1000', 'TEST_MARK_CD_1', '100.00');
INSERT INTO DIM_LOCOMOTIVE (EQPUN_NBR, MARK_CD, TRY_CASTHRSPWR_QTY) VALUES ('2000', 'TEST_MARK_CD_2', '200.00');
INSERT INTO DIM_LOCOMOTIVE (EQPUN_NBR, MARK_CD, TRY_CASTHRSPWR_QTY) VALUES ('3000', 'TEST_MARK_CD_3', '300.00');

CREATE OR REPLACE TABLE EME_CAR_KIND_TRNSLT_PRCS (
  CAR_KIND_CD VARCHAR(500),
  END_AAR_CAR_CD VARCHAR(500),
  START_AAR_CAR_CD VARCHAR(500)
);

INSERT INTO EME_CAR_KIND_TRNSLT_PRCS (CAR_KIND_CD, END_AAR_CAR_CD, START_AAR_CAR_CD) VALUES ('TEST_CAR_KIND_CD_1', '100.00', '100.00');
INSERT INTO EME_CAR_KIND_TRNSLT_PRCS (CAR_KIND_CD, END_AAR_CAR_CD, START_AAR_CAR_CD) VALUES ('TEST_CAR_KIND_CD_2', '200.00', '200.00');
INSERT INTO EME_CAR_KIND_TRNSLT_PRCS (CAR_KIND_CD, END_AAR_CAR_CD, START_AAR_CAR_CD) VALUES ('TEST_CAR_KIND_CD_3', '300.00', '300.00');

CREATE OR REPLACE TABLE EQPMNT_AAR_BASE (
  AAR_CAR_CD VARCHAR(500),
  ALTRNT_CAR_CD VARCHAR(500),
  BLDR_CD VARCHAR(500),
  BLDR_LOT_TXT VARCHAR(500),
  CMRCL_LESSEE_CIF_TXT VARCHAR(500),
  CMRCL_OWNER_CIF_TXT VARCHAR(500),
  CNFLCT_STATUS_CD VARCHAR(500),
  CREATE_DATA_SOURCE_CD VARCHAR(500),
  CREATE_USER_ID VARCHAR(500),
  DELETE_REASON_CD VARCHAR(500),
  DMTR_UOM_BASIS_CD VARCHAR(500),
  ECP_BRAKE_BLDR_CD VARCHAR(500),
  ECP_BRAKE_TYPE_CD VARCHAR(500),
  EDW_CREATE_USER VARCHAR(500),
  EDW_UPDATE_USER VARCHAR(500),
  EIN_DPLCTN_CD VARCHAR(500),
  EIN_NBR VARCHAR(500),
  EQPMNT_ADD_RPRTR_CMPNY_MARK_CD VARCHAR(500),
  EQPMNT_DSGNTN_CD VARCHAR(500),
  EQPMNT_GROUP_CD VARCHAR(500),
  EQPUN_NBR VARCHAR(500),
  GROSS_WEIGHT_UOM_BASIS_CD VARCHAR(500),
  LINEAL_FRCTNL_UOM_BASIS_CD VARCHAR(500),
  LINEAL_UOM_BASIS_CD VARCHAR(500),
  LIQUID_UOM_BASIS_CD VARCHAR(500),
  MARK_CD VARCHAR(500),
  MCHNCL_DSGNTN_CD VARCHAR(500),
  MNFCTR_CNTRY_CD VARCHAR(500),
  NEXT_CNFLCT_STATUS_CD VARCHAR(500),
  NOTICE_MGMNT_INDCTR_CD VARCHAR(500),
  OWNER_MARK_CD VARCHAR(500),
  PLATE_CLRNC_CD VARCHAR(500),
  PRIOR_EQPUN_NBR VARCHAR(500),
  PRIOR_MARK_CD VARCHAR(500),
  RATE_CD VARCHAR(500),
  RBLT_CD VARCHAR(500),
  RGSTRN_REASON_CD VARCHAR(500),
  RSTNCL_PRGRM_CD VARCHAR(500),
  SOURCE_CREATE_USER_ID VARCHAR(500),
  SOURCE_UPDATE_USER_ID VARCHAR(500),
  SPEED_UOM_BASIS_CD VARCHAR(500),
  SRVC_LIFE_CD VARCHAR(500),
  STATUS_CD VARCHAR(500),
  STATUS_CHANGE_REASON_CD VARCHAR(500),
  STNCL_MARK_OWNER_CLASS_CD VARCHAR(500),
  TRY_CASTAAR_CAR_CODE_ID VARCHAR(500),
  TRY_CASTALTRNT_CAR_CD_ID VARCHAR(500),
  TRY_CASTAXLE_QTY VARCHAR(500),
  TRY_CASTEQPMNT_ID VARCHAR(500),
  TRY_CASTEQPMNT_MNGMNT_CODE_ASCTN_ID VARCHAR(500),
  TRY_CASTEQPMNT_POOL_ID VARCHAR(500),
  TRY_CASTGROSS_WEIGHT_QTY VARCHAR(500),
  TRY_CASTMASTER_EQPMNT_ID VARCHAR(500),
  TRY_CASTOPRTNG_BRAKE_QTY VARCHAR(500),
  TRY_CASTOTSD_EXTRM_HEIGHT_QTY VARCHAR(500),
  TRY_CASTOTSD_EXTRM_WIDTH_QTY VARCHAR(500),
  TRY_CASTOTSD_HEIGHT_EXTRM_WIDTH_QTY VARCHAR(500),
  TRY_CASTOTSD_LENGTH_QTY VARCHAR(500),
  TRY_CASTSOURCE_CREATE_PARTY_RLTNSH_ID VARCHAR(500),
  TRY_CASTSOURCE_UPDATE_PARTY_RLTNSH_ID VARCHAR(500),
  TRY_CASTTARE_WEIGHT_QTY VARCHAR(500),
  TRY_CASTTRUCK_CENTER_LENGTH_QTY VARCHAR(500),
  TRY_CASTTRUCK_QTY VARCHAR(500),
  TRY_TO_TIMESTAMPAAR_ADD_TMS VARCHAR(500),
  TRY_TO_TIMESTAMPAAR_UPDATE_TMS VARCHAR(500),
  TRY_TO_TIMESTAMPBUILT_DT VARCHAR(500),
  TRY_TO_TIMESTAMPCRNT_CNFLCT_STATUS_DT VARCHAR(500),
  TRY_TO_TIMESTAMPDLTD_TMS VARCHAR(500),
  TRY_TO_TIMESTAMPEDW_CREATE_TMS VARCHAR(500),
  TRY_TO_TIMESTAMPEDW_UPDATE_TMS VARCHAR(500),
  TRY_TO_TIMESTAMPEFCTV_TMS VARCHAR(500),
  TRY_TO_TIMESTAMPEXPIRY_TMS VARCHAR(500),
  TRY_TO_TIMESTAMPFIRST_MVMNT_TMS VARCHAR(500),
  TRY_TO_TIMESTAMPNEXT_CNFLCT_STATUS_DT VARCHAR(500),
  TRY_TO_TIMESTAMPRBLT_DT VARCHAR(500),
  TRY_TO_TIMESTAMPRECORD_CREATE_TMS VARCHAR(500),
  TRY_TO_TIMESTAMPRECORD_UPDATE_TMS VARCHAR(500),
  TRY_TO_TIMESTAMPSTATUS_CHANGE_TMS VARCHAR(500),
  UPDATE_DATA_SOURCE_CD VARCHAR(500),
  UPDATE_USER_ID VARCHAR(500),
  VOLUME_UOM_BASIS_CD VARCHAR(500),
  WEIGHT_UOM_BASIS_CD VARCHAR(500),
  WHEEL_BRNG_CD VARCHAR(500)
);

INSERT INTO EQPMNT_AAR_BASE (AAR_CAR_CD, ALTRNT_CAR_CD, BLDR_CD, BLDR_LOT_TXT, CMRCL_LESSEE_CIF_TXT, CMRCL_OWNER_CIF_TXT, CNFLCT_STATUS_CD, CREATE_DATA_SOURCE_CD, CREATE_USER_ID, DELETE_REASON_CD, DMTR_UOM_BASIS_CD, ECP_BRAKE_BLDR_CD, ECP_BRAKE_TYPE_CD, EDW_CREATE_USER, EDW_UPDATE_USER, EIN_DPLCTN_CD, EIN_NBR, EQPMNT_ADD_RPRTR_CMPNY_MARK_CD, EQPMNT_DSGNTN_CD, EQPMNT_GROUP_CD, EQPUN_NBR, GROSS_WEIGHT_UOM_BASIS_CD, LINEAL_FRCTNL_UOM_BASIS_CD, LINEAL_UOM_BASIS_CD, LIQUID_UOM_BASIS_CD, MARK_CD, MCHNCL_DSGNTN_CD, MNFCTR_CNTRY_CD, NEXT_CNFLCT_STATUS_CD, NOTICE_MGMNT_INDCTR_CD, OWNER_MARK_CD, PLATE_CLRNC_CD, PRIOR_EQPUN_NBR, PRIOR_MARK_CD, RATE_CD, RBLT_CD, RGSTRN_REASON_CD, RSTNCL_PRGRM_CD, SOURCE_CREATE_USER_ID, SOURCE_UPDATE_USER_ID, SPEED_UOM_BASIS_CD, SRVC_LIFE_CD, STATUS_CD, STATUS_CHANGE_REASON_CD, STNCL_MARK_OWNER_CLASS_CD, TRY_CASTAAR_CAR_CODE_ID, TRY_CASTALTRNT_CAR_CD_ID, TRY_CASTAXLE_QTY, TRY_CASTEQPMNT_ID, TRY_CASTEQPMNT_MNGMNT_CODE_ASCTN_ID, TRY_CASTEQPMNT_POOL_ID, TRY_CASTGROSS_WEIGHT_QTY, TRY_CASTMASTER_EQPMNT_ID, TRY_CASTOPRTNG_BRAKE_QTY, TRY_CASTOTSD_EXTRM_HEIGHT_QTY, TRY_CASTOTSD_EXTRM_WIDTH_QTY, TRY_CASTOTSD_HEIGHT_EXTRM_WIDTH_QTY, TRY_CASTOTSD_LENGTH_QTY, TRY_CASTSOURCE_CREATE_PARTY_RLTNSH_ID, TRY_CASTSOURCE_UPDATE_PARTY_RLTNSH_ID, TRY_CASTTARE_WEIGHT_QTY, TRY_CASTTRUCK_CENTER_LENGTH_QTY, TRY_CASTTRUCK_QTY, TRY_TO_TIMESTAMPAAR_ADD_TMS, TRY_TO_TIMESTAMPAAR_UPDATE_TMS, TRY_TO_TIMESTAMPBUILT_DT, TRY_TO_TIMESTAMPCRNT_CNFLCT_STATUS_DT, TRY_TO_TIMESTAMPDLTD_TMS, TRY_TO_TIMESTAMPEDW_CREATE_TMS, TRY_TO_TIMESTAMPEDW_UPDATE_TMS, TRY_TO_TIMESTAMPEFCTV_TMS, TRY_TO_TIMESTAMPEXPIRY_TMS, TRY_TO_TIMESTAMPFIRST_MVMNT_TMS, TRY_TO_TIMESTAMPNEXT_CNFLCT_STATUS_DT, TRY_TO_TIMESTAMPRBLT_DT, TRY_TO_TIMESTAMPRECORD_CREATE_TMS, TRY_TO_TIMESTAMPRECORD_UPDATE_TMS, TRY_TO_TIMESTAMPSTATUS_CHANGE_TMS, UPDATE_DATA_SOURCE_CD, UPDATE_USER_ID, VOLUME_UOM_BASIS_CD, WEIGHT_UOM_BASIS_CD, WHEEL_BRNG_CD) VALUES ('TEST_AAR_CAR_CD_1', 'TEST_ALTRNT_CAR_CD_1', 'TEST_BLDR_CD_1', 'TEST_BLDR_LOT_TXT_1', 'TEST_CMRCL_LESSEE_CIF_TXT_1', 'TEST_CMRCL_OWNER_CIF_TXT_1', 'TEST_CNFLCT_STATUS_CD_1', 'TEST_CREATE_DATA_SOURCE_CD_1', '1000', 'TEST_DELETE_REASON_CD_1', 'TEST_DMTR_UOM_BASIS_CD_1', 'TEST_ECP_BRAKE_BLDR_CD_1', 'TEST_ECP_BRAKE_TYPE_CD_1', 'TEST_EDW_CREATE_USER_1', '20240101', 'TEST_EIN_DPLCTN_CD_1', '1000', 'TEST_EQPMNT_ADD_RPRTR_CMPNY_MARK_CD_1', 'TEST_EQPMNT_DSGNTN_CD_1', 'TEST_EQPMNT_GROUP_CD_1', '1000', 'TEST_GROSS_WEIGHT_UOM_BASIS_CD_1', 'TEST_LINEAL_FRCTNL_UOM_BASIS_CD_1', 'TEST_LINEAL_UOM_BASIS_CD_1', '1000', 'TEST_MARK_CD_1', 'TEST_MCHNCL_DSGNTN_CD_1', 'TEST_MNFCTR_CNTRY_CD_1', 'TEST_NEXT_CNFLCT_STATUS_CD_1', 'TEST_NOTICE_MGMNT_INDCTR_CD_1', 'TEST_OWNER_MARK_CD_1', 'TEST_PLATE_CLRNC_CD_1', '1000', 'TEST_PRIOR_MARK_CD_1', 'TEST_RATE_CD_1', 'TEST_RBLT_CD_1', 'TEST_RGSTRN_REASON_CD_1', 'TEST_RSTNCL_PRGRM_CD_1', '1000', '20240101', 'TEST_SPEED_UOM_BASIS_CD_1', 'TEST_SRVC_LIFE_CD_1', 'TEST_STATUS_CD_1', 'TEST_STATUS_CHANGE_REASON_CD_1', 'TEST_STNCL_MARK_OWNER_CLASS_CD_1', '1000', '1000', '100.00', '1000', '1000', '1000', '100.00', '1000', '100.00', '100.00', '20240101', '20240101', '100.00', '1000', '20240101', '100.00', '100.00', '100.00', 'TEST_TRY_TO_TIMESTAMPAAR_ADD_TMS_1', '20240101', '20240101', '20240101', 'TEST_TRY_TO_TIMESTAMPDLTD_TMS_1', 'TEST_TRY_TO_TIMESTAMPEDW_CREATE_TMS_1', '20240101', 'TEST_TRY_TO_TIMESTAMPEFCTV_TMS_1', 'TEST_TRY_TO_TIMESTAMPEXPIRY_TMS_1', 'TEST_TRY_TO_TIMESTAMPFIRST_MVMNT_TMS_1', '20240101', '20240101', 'TEST_TRY_TO_TIMESTAMPRECORD_CREATE_TMS_1', '20240101', 'TEST_TRY_TO_TIMESTAMPSTATUS_CHANGE_TMS_1', '20240101', '20240101', 'TEST_VOLUME_UOM_BASIS_CD_1', 'TEST_WEIGHT_UOM_BASIS_CD_1', 'TEST_WHEEL_BRNG_CD_1');
INSERT INTO EQPMNT_AAR_BASE (AAR_CAR_CD, ALTRNT_CAR_CD, BLDR_CD, BLDR_LOT_TXT, CMRCL_LESSEE_CIF_TXT, CMRCL_OWNER_CIF_TXT, CNFLCT_STATUS_CD, CREATE_DATA_SOURCE_CD, CREATE_USER_ID, DELETE_REASON_CD, DMTR_UOM_BASIS_CD, ECP_BRAKE_BLDR_CD, ECP_BRAKE_TYPE_CD, EDW_CREATE_USER, EDW_UPDATE_USER, EIN_DPLCTN_CD, EIN_NBR, EQPMNT_ADD_RPRTR_CMPNY_MARK_CD, EQPMNT_DSGNTN_CD, EQPMNT_GROUP_CD, EQPUN_NBR, GROSS_WEIGHT_UOM_BASIS_CD, LINEAL_FRCTNL_UOM_BASIS_CD, LINEAL_UOM_BASIS_CD, LIQUID_UOM_BASIS_CD, MARK_CD, MCHNCL_DSGNTN_CD, MNFCTR_CNTRY_CD, NEXT_CNFLCT_STATUS_CD, NOTICE_MGMNT_INDCTR_CD, OWNER_MARK_CD, PLATE_CLRNC_CD, PRIOR_EQPUN_NBR, PRIOR_MARK_CD, RATE_CD, RBLT_CD, RGSTRN_REASON_CD, RSTNCL_PRGRM_CD, SOURCE_CREATE_USER_ID, SOURCE_UPDATE_USER_ID, SPEED_UOM_BASIS_CD, SRVC_LIFE_CD, STATUS_CD, STATUS_CHANGE_REASON_CD, STNCL_MARK_OWNER_CLASS_CD, TRY_CASTAAR_CAR_CODE_ID, TRY_CASTALTRNT_CAR_CD_ID, TRY_CASTAXLE_QTY, TRY_CASTEQPMNT_ID, TRY_CASTEQPMNT_MNGMNT_CODE_ASCTN_ID, TRY_CASTEQPMNT_POOL_ID, TRY_CASTGROSS_WEIGHT_QTY, TRY_CASTMASTER_EQPMNT_ID, TRY_CASTOPRTNG_BRAKE_QTY, TRY_CASTOTSD_EXTRM_HEIGHT_QTY, TRY_CASTOTSD_EXTRM_WIDTH_QTY, TRY_CASTOTSD_HEIGHT_EXTRM_WIDTH_QTY, TRY_CASTOTSD_LENGTH_QTY, TRY_CASTSOURCE_CREATE_PARTY_RLTNSH_ID, TRY_CASTSOURCE_UPDATE_PARTY_RLTNSH_ID, TRY_CASTTARE_WEIGHT_QTY, TRY_CASTTRUCK_CENTER_LENGTH_QTY, TRY_CASTTRUCK_QTY, TRY_TO_TIMESTAMPAAR_ADD_TMS, TRY_TO_TIMESTAMPAAR_UPDATE_TMS, TRY_TO_TIMESTAMPBUILT_DT, TRY_TO_TIMESTAMPCRNT_CNFLCT_STATUS_DT, TRY_TO_TIMESTAMPDLTD_TMS, TRY_TO_TIMESTAMPEDW_CREATE_TMS, TRY_TO_TIMESTAMPEDW_UPDATE_TMS, TRY_TO_TIMESTAMPEFCTV_TMS, TRY_TO_TIMESTAMPEXPIRY_TMS, TRY_TO_TIMESTAMPFIRST_MVMNT_TMS, TRY_TO_TIMESTAMPNEXT_CNFLCT_STATUS_DT, TRY_TO_TIMESTAMPRBLT_DT, TRY_TO_TIMESTAMPRECORD_CREATE_TMS, TRY_TO_TIMESTAMPRECORD_UPDATE_TMS, TRY_TO_TIMESTAMPSTATUS_CHANGE_TMS, UPDATE_DATA_SOURCE_CD, UPDATE_USER_ID, VOLUME_UOM_BASIS_CD, WEIGHT_UOM_BASIS_CD, WHEEL_BRNG_CD) VALUES ('TEST_AAR_CAR_CD_2', 'TEST_ALTRNT_CAR_CD_2', 'TEST_BLDR_CD_2', 'TEST_BLDR_LOT_TXT_2', 'TEST_CMRCL_LESSEE_CIF_TXT_2', 'TEST_CMRCL_OWNER_CIF_TXT_2', 'TEST_CNFLCT_STATUS_CD_2', 'TEST_CREATE_DATA_SOURCE_CD_2', '2000', 'TEST_DELETE_REASON_CD_2', 'TEST_DMTR_UOM_BASIS_CD_2', 'TEST_ECP_BRAKE_BLDR_CD_2', 'TEST_ECP_BRAKE_TYPE_CD_2', 'TEST_EDW_CREATE_USER_2', '20240102', 'TEST_EIN_DPLCTN_CD_2', '2000', 'TEST_EQPMNT_ADD_RPRTR_CMPNY_MARK_CD_2', 'TEST_EQPMNT_DSGNTN_CD_2', 'TEST_EQPMNT_GROUP_CD_2', '2000', 'TEST_GROSS_WEIGHT_UOM_BASIS_CD_2', 'TEST_LINEAL_FRCTNL_UOM_BASIS_CD_2', 'TEST_LINEAL_UOM_BASIS_CD_2', '2000', 'TEST_MARK_CD_2', 'TEST_MCHNCL_DSGNTN_CD_2', 'TEST_MNFCTR_CNTRY_CD_2', 'TEST_NEXT_CNFLCT_STATUS_CD_2', 'TEST_NOTICE_MGMNT_INDCTR_CD_2', 'TEST_OWNER_MARK_CD_2', 'TEST_PLATE_CLRNC_CD_2', '2000', 'TEST_PRIOR_MARK_CD_2', 'TEST_RATE_CD_2', 'TEST_RBLT_CD_2', 'TEST_RGSTRN_REASON_CD_2', 'TEST_RSTNCL_PRGRM_CD_2', '2000', '20240102', 'TEST_SPEED_UOM_BASIS_CD_2', 'TEST_SRVC_LIFE_CD_2', 'TEST_STATUS_CD_2', 'TEST_STATUS_CHANGE_REASON_CD_2', 'TEST_STNCL_MARK_OWNER_CLASS_CD_2', '2000', '2000', '200.00', '2000', '2000', '2000', '200.00', '2000', '200.00', '200.00', '20240102', '20240102', '200.00', '2000', '20240102', '200.00', '200.00', '200.00', 'TEST_TRY_TO_TIMESTAMPAAR_ADD_TMS_2', '20240102', '20240102', '20240102', 'TEST_TRY_TO_TIMESTAMPDLTD_TMS_2', 'TEST_TRY_TO_TIMESTAMPEDW_CREATE_TMS_2', '20240102', 'TEST_TRY_TO_TIMESTAMPEFCTV_TMS_2', 'TEST_TRY_TO_TIMESTAMPEXPIRY_TMS_2', 'TEST_TRY_TO_TIMESTAMPFIRST_MVMNT_TMS_2', '20240102', '20240102', 'TEST_TRY_TO_TIMESTAMPRECORD_CREATE_TMS_2', '20240102', 'TEST_TRY_TO_TIMESTAMPSTATUS_CHANGE_TMS_2', '20240102', '20240102', 'TEST_VOLUME_UOM_BASIS_CD_2', 'TEST_WEIGHT_UOM_BASIS_CD_2', 'TEST_WHEEL_BRNG_CD_2');
INSERT INTO EQPMNT_AAR_BASE (AAR_CAR_CD, ALTRNT_CAR_CD, BLDR_CD, BLDR_LOT_TXT, CMRCL_LESSEE_CIF_TXT, CMRCL_OWNER_CIF_TXT, CNFLCT_STATUS_CD, CREATE_DATA_SOURCE_CD, CREATE_USER_ID, DELETE_REASON_CD, DMTR_UOM_BASIS_CD, ECP_BRAKE_BLDR_CD, ECP_BRAKE_TYPE_CD, EDW_CREATE_USER, EDW_UPDATE_USER, EIN_DPLCTN_CD, EIN_NBR, EQPMNT_ADD_RPRTR_CMPNY_MARK_CD, EQPMNT_DSGNTN_CD, EQPMNT_GROUP_CD, EQPUN_NBR, GROSS_WEIGHT_UOM_BASIS_CD, LINEAL_FRCTNL_UOM_BASIS_CD, LINEAL_UOM_BASIS_CD, LIQUID_UOM_BASIS_CD, MARK_CD, MCHNCL_DSGNTN_CD, MNFCTR_CNTRY_CD, NEXT_CNFLCT_STATUS_CD, NOTICE_MGMNT_INDCTR_CD, OWNER_MARK_CD, PLATE_CLRNC_CD, PRIOR_EQPUN_NBR, PRIOR_MARK_CD, RATE_CD, RBLT_CD, RGSTRN_REASON_CD, RSTNCL_PRGRM_CD, SOURCE_CREATE_USER_ID, SOURCE_UPDATE_USER_ID, SPEED_UOM_BASIS_CD, SRVC_LIFE_CD, STATUS_CD, STATUS_CHANGE_REASON_CD, STNCL_MARK_OWNER_CLASS_CD, TRY_CASTAAR_CAR_CODE_ID, TRY_CASTALTRNT_CAR_CD_ID, TRY_CASTAXLE_QTY, TRY_CASTEQPMNT_ID, TRY_CASTEQPMNT_MNGMNT_CODE_ASCTN_ID, TRY_CASTEQPMNT_POOL_ID, TRY_CASTGROSS_WEIGHT_QTY, TRY_CASTMASTER_EQPMNT_ID, TRY_CASTOPRTNG_BRAKE_QTY, TRY_CASTOTSD_EXTRM_HEIGHT_QTY, TRY_CASTOTSD_EXTRM_WIDTH_QTY, TRY_CASTOTSD_HEIGHT_EXTRM_WIDTH_QTY, TRY_CASTOTSD_LENGTH_QTY, TRY_CASTSOURCE_CREATE_PARTY_RLTNSH_ID, TRY_CASTSOURCE_UPDATE_PARTY_RLTNSH_ID, TRY_CASTTARE_WEIGHT_QTY, TRY_CASTTRUCK_CENTER_LENGTH_QTY, TRY_CASTTRUCK_QTY, TRY_TO_TIMESTAMPAAR_ADD_TMS, TRY_TO_TIMESTAMPAAR_UPDATE_TMS, TRY_TO_TIMESTAMPBUILT_DT, TRY_TO_TIMESTAMPCRNT_CNFLCT_STATUS_DT, TRY_TO_TIMESTAMPDLTD_TMS, TRY_TO_TIMESTAMPEDW_CREATE_TMS, TRY_TO_TIMESTAMPEDW_UPDATE_TMS, TRY_TO_TIMESTAMPEFCTV_TMS, TRY_TO_TIMESTAMPEXPIRY_TMS, TRY_TO_TIMESTAMPFIRST_MVMNT_TMS, TRY_TO_TIMESTAMPNEXT_CNFLCT_STATUS_DT, TRY_TO_TIMESTAMPRBLT_DT, TRY_TO_TIMESTAMPRECORD_CREATE_TMS, TRY_TO_TIMESTAMPRECORD_UPDATE_TMS, TRY_TO_TIMESTAMPSTATUS_CHANGE_TMS, UPDATE_DATA_SOURCE_CD, UPDATE_USER_ID, VOLUME_UOM_BASIS_CD, WEIGHT_UOM_BASIS_CD, WHEEL_BRNG_CD) VALUES ('TEST_AAR_CAR_CD_3', 'TEST_ALTRNT_CAR_CD_3', 'TEST_BLDR_CD_3', 'TEST_BLDR_LOT_TXT_3', 'TEST_CMRCL_LESSEE_CIF_TXT_3', 'TEST_CMRCL_OWNER_CIF_TXT_3', 'TEST_CNFLCT_STATUS_CD_3', 'TEST_CREATE_DATA_SOURCE_CD_3', '3000', 'TEST_DELETE_REASON_CD_3', 'TEST_DMTR_UOM_BASIS_CD_3', 'TEST_ECP_BRAKE_BLDR_CD_3', 'TEST_ECP_BRAKE_TYPE_CD_3', 'TEST_EDW_CREATE_USER_3', '20240103', 'TEST_EIN_DPLCTN_CD_3', '3000', 'TEST_EQPMNT_ADD_RPRTR_CMPNY_MARK_CD_3', 'TEST_EQPMNT_DSGNTN_CD_3', 'TEST_EQPMNT_GROUP_CD_3', '3000', 'TEST_GROSS_WEIGHT_UOM_BASIS_CD_3', 'TEST_LINEAL_FRCTNL_UOM_BASIS_CD_3', 'TEST_LINEAL_UOM_BASIS_CD_3', '3000', 'TEST_MARK_CD_3', 'TEST_MCHNCL_DSGNTN_CD_3', 'TEST_MNFCTR_CNTRY_CD_3', 'TEST_NEXT_CNFLCT_STATUS_CD_3', 'TEST_NOTICE_MGMNT_INDCTR_CD_3', 'TEST_OWNER_MARK_CD_3', 'TEST_PLATE_CLRNC_CD_3', '3000', 'TEST_PRIOR_MARK_CD_3', 'TEST_RATE_CD_3', 'TEST_RBLT_CD_3', 'TEST_RGSTRN_REASON_CD_3', 'TEST_RSTNCL_PRGRM_CD_3', '3000', '20240103', 'TEST_SPEED_UOM_BASIS_CD_3', 'TEST_SRVC_LIFE_CD_3', 'TEST_STATUS_CD_3', 'TEST_STATUS_CHANGE_REASON_CD_3', 'TEST_STNCL_MARK_OWNER_CLASS_CD_3', '3000', '3000', '300.00', '3000', '3000', '3000', '300.00', '3000', '300.00', '300.00', '20240103', '20240103', '300.00', '3000', '20240103', '300.00', '300.00', '300.00', 'TEST_TRY_TO_TIMESTAMPAAR_ADD_TMS_3', '20240103', '20240103', '20240103', 'TEST_TRY_TO_TIMESTAMPDLTD_TMS_3', 'TEST_TRY_TO_TIMESTAMPEDW_CREATE_TMS_3', '20240103', 'TEST_TRY_TO_TIMESTAMPEFCTV_TMS_3', 'TEST_TRY_TO_TIMESTAMPEXPIRY_TMS_3', 'TEST_TRY_TO_TIMESTAMPFIRST_MVMNT_TMS_3', '20240103', '20240103', 'TEST_TRY_TO_TIMESTAMPRECORD_CREATE_TMS_3', '20240103', 'TEST_TRY_TO_TIMESTAMPSTATUS_CHANGE_TMS_3', '20240103', '20240103', 'TEST_VOLUME_UOM_BASIS_CD_3', 'TEST_WEIGHT_UOM_BASIS_CD_3', 'TEST_WHEEL_BRNG_CD_3');

CREATE OR REPLACE TABLE EQPMNT_MARK_OWNER_CLASS_CD (
  MARK_OWNER_CTGRY_CD VARCHAR(500),
  STNCL_MARK_OWNER_CLASS_CD VARCHAR(500)
);

INSERT INTO EQPMNT_MARK_OWNER_CLASS_CD (MARK_OWNER_CTGRY_CD, STNCL_MARK_OWNER_CLASS_CD) VALUES ('TEST_MARK_OWNER_CTGRY_CD_1', 'TEST_STNCL_MARK_OWNER_CLASS_CD_1');
INSERT INTO EQPMNT_MARK_OWNER_CLASS_CD (MARK_OWNER_CTGRY_CD, STNCL_MARK_OWNER_CLASS_CD) VALUES ('TEST_MARK_OWNER_CTGRY_CD_2', 'TEST_STNCL_MARK_OWNER_CLASS_CD_2');
INSERT INTO EQPMNT_MARK_OWNER_CLASS_CD (MARK_OWNER_CTGRY_CD, STNCL_MARK_OWNER_CLASS_CD) VALUES ('TEST_MARK_OWNER_CTGRY_CD_3', 'TEST_STNCL_MARK_OWNER_CLASS_CD_3');

CREATE OR REPLACE TABLE EQPMNT_NON_RGSTRD (
  CHECK_DIGIT_NBR VARCHAR(500),
  CREATE_USER_ID VARCHAR(500),
  EDW_CREATE_USER VARCHAR(500),
  EDW_UPDATE_USER VARCHAR(500),
  EQPUN_NBR VARCHAR(500),
  MARK_CD VARCHAR(500),
  TRY_CASTEQPMNT_ID VARCHAR(500),
  TRY_TO_TIMESTAMPEDW_CREATE_TMS VARCHAR(500),
  TRY_TO_TIMESTAMPEDW_UPDATE_TMS VARCHAR(500),
  TRY_TO_TIMESTAMPRECORD_CREATE_TMS VARCHAR(500),
  TRY_TO_TIMESTAMPRECORD_UPDATE_TMS VARCHAR(500),
  UPDATE_USER_ID VARCHAR(500)
);

INSERT INTO EQPMNT_NON_RGSTRD (CHECK_DIGIT_NBR, CREATE_USER_ID, EDW_CREATE_USER, EDW_UPDATE_USER, EQPUN_NBR, MARK_CD, TRY_CASTEQPMNT_ID, TRY_TO_TIMESTAMPEDW_CREATE_TMS, TRY_TO_TIMESTAMPEDW_UPDATE_TMS, TRY_TO_TIMESTAMPRECORD_CREATE_TMS, TRY_TO_TIMESTAMPRECORD_UPDATE_TMS, UPDATE_USER_ID) VALUES ('1000', '1000', 'TEST_EDW_CREATE_USER_1', '20240101', '1000', 'TEST_MARK_CD_1', '1000', 'TEST_TRY_TO_TIMESTAMPEDW_CREATE_TMS_1', '20240101', 'TEST_TRY_TO_TIMESTAMPRECORD_CREATE_TMS_1', '20240101', '20240101');
INSERT INTO EQPMNT_NON_RGSTRD (CHECK_DIGIT_NBR, CREATE_USER_ID, EDW_CREATE_USER, EDW_UPDATE_USER, EQPUN_NBR, MARK_CD, TRY_CASTEQPMNT_ID, TRY_TO_TIMESTAMPEDW_CREATE_TMS, TRY_TO_TIMESTAMPEDW_UPDATE_TMS, TRY_TO_TIMESTAMPRECORD_CREATE_TMS, TRY_TO_TIMESTAMPRECORD_UPDATE_TMS, UPDATE_USER_ID) VALUES ('2000', '2000', 'TEST_EDW_CREATE_USER_2', '20240102', '2000', 'TEST_MARK_CD_2', '2000', 'TEST_TRY_TO_TIMESTAMPEDW_CREATE_TMS_2', '20240102', 'TEST_TRY_TO_TIMESTAMPRECORD_CREATE_TMS_2', '20240102', '20240102');
INSERT INTO EQPMNT_NON_RGSTRD (CHECK_DIGIT_NBR, CREATE_USER_ID, EDW_CREATE_USER, EDW_UPDATE_USER, EQPUN_NBR, MARK_CD, TRY_CASTEQPMNT_ID, TRY_TO_TIMESTAMPEDW_CREATE_TMS, TRY_TO_TIMESTAMPEDW_UPDATE_TMS, TRY_TO_TIMESTAMPRECORD_CREATE_TMS, TRY_TO_TIMESTAMPRECORD_UPDATE_TMS, UPDATE_USER_ID) VALUES ('3000', '3000', 'TEST_EDW_CREATE_USER_3', '20240103', '3000', 'TEST_MARK_CD_3', '3000', 'TEST_TRY_TO_TIMESTAMPEDW_CREATE_TMS_3', '20240103', 'TEST_TRY_TO_TIMESTAMPRECORD_CREATE_TMS_3', '20240103', '20240103');

CREATE OR REPLACE TABLE EQPMNT_PARTY (
  ENTITY_IDNTFR_CD VARCHAR(500),
  MARK_CD VARCHAR(500),
  TRY_CASTEQPMNT_ID VARCHAR(500),
  TRY_TO_TIMESTAMPRECORD_UPDATE_TMS VARCHAR(500)
);

INSERT INTO EQPMNT_PARTY (ENTITY_IDNTFR_CD, MARK_CD, TRY_CASTEQPMNT_ID, TRY_TO_TIMESTAMPRECORD_UPDATE_TMS) VALUES ('1000', 'TEST_MARK_CD_1', '1000', '20240101');
INSERT INTO EQPMNT_PARTY (ENTITY_IDNTFR_CD, MARK_CD, TRY_CASTEQPMNT_ID, TRY_TO_TIMESTAMPRECORD_UPDATE_TMS) VALUES ('2000', 'TEST_MARK_CD_2', '2000', '20240102');
INSERT INTO EQPMNT_PARTY (ENTITY_IDNTFR_CD, MARK_CD, TRY_CASTEQPMNT_ID, TRY_TO_TIMESTAMPRECORD_UPDATE_TMS) VALUES ('3000', 'TEST_MARK_CD_3', '3000', '20240103');

CREATE OR REPLACE TABLE EQPMNT_POOL (
  AAR_EQPMNT_POOL_ID VARCHAR(500),
  CPR_EQPMNT_POOL_ID VARCHAR(500),
  TRY_CASTEQPMNT_POOL_ID VARCHAR(500)
);

INSERT INTO EQPMNT_POOL (AAR_EQPMNT_POOL_ID, CPR_EQPMNT_POOL_ID, TRY_CASTEQPMNT_POOL_ID) VALUES ('1000', '1000', '1000');
INSERT INTO EQPMNT_POOL (AAR_EQPMNT_POOL_ID, CPR_EQPMNT_POOL_ID, TRY_CASTEQPMNT_POOL_ID) VALUES ('2000', '2000', '2000');
INSERT INTO EQPMNT_POOL (AAR_EQPMNT_POOL_ID, CPR_EQPMNT_POOL_ID, TRY_CASTEQPMNT_POOL_ID) VALUES ('3000', '3000', '3000');

CREATE OR REPLACE TABLE EQPMNT_POOL_ASGNMN (
  AAR_EQPMNT_POOL_ID VARCHAR(500),
  CAR_KIND_CD VARCHAR(500),
  CPR_EQPMNT_POOL_ID VARCHAR(500),
  DIM_EQUIPMENT_ID VARCHAR(500),
  END_AAR_CAR_CD VARCHAR(500),
  EQPMNT_ID VARCHAR(500),
  EQPMNT_POOL_ID VARCHAR(500),
  EQPUN_NBR VARCHAR(500),
  HRSPWR_QTY VARCHAR(500),
  ID VARCHAR(500),
  LESSEE_MARK_CD VARCHAR(500),
  MARK_CD VARCHAR(500),
  MARK_OWNER_CTGRY_CD VARCHAR(500),
  MAXDIM_EQUIPMENT_ID VARCHAR(500),
  RANK VARCHAR(500),
  START_AAR_CAR_CD VARCHAR(500),
  STNCL_MARK_OWNER_CLASS_CD VARCHAR(500)
);

INSERT INTO EQPMNT_POOL_ASGNMN (AAR_EQPMNT_POOL_ID, CAR_KIND_CD, CPR_EQPMNT_POOL_ID, DIM_EQUIPMENT_ID, END_AAR_CAR_CD, EQPMNT_ID, EQPMNT_POOL_ID, EQPUN_NBR, HRSPWR_QTY, ID, LESSEE_MARK_CD, MARK_CD, MARK_OWNER_CTGRY_CD, MAXDIM_EQUIPMENT_ID, RANK, START_AAR_CAR_CD, STNCL_MARK_OWNER_CLASS_CD) VALUES ('1000', 'TEST_CAR_KIND_CD_1', '1000', '1000', '100.00', '1000', '1000', '1000', '100.00', '1000', 'TEST_LESSEE_MARK_CD_1', 'TEST_MARK_CD_1', 'TEST_MARK_OWNER_CTGRY_CD_1', '1000', 'TEST_RANK_1', '100.00', 'TEST_STNCL_MARK_OWNER_CLASS_CD_1');
INSERT INTO EQPMNT_POOL_ASGNMN (AAR_EQPMNT_POOL_ID, CAR_KIND_CD, CPR_EQPMNT_POOL_ID, DIM_EQUIPMENT_ID, END_AAR_CAR_CD, EQPMNT_ID, EQPMNT_POOL_ID, EQPUN_NBR, HRSPWR_QTY, ID, LESSEE_MARK_CD, MARK_CD, MARK_OWNER_CTGRY_CD, MAXDIM_EQUIPMENT_ID, RANK, START_AAR_CAR_CD, STNCL_MARK_OWNER_CLASS_CD) VALUES ('2000', 'TEST_CAR_KIND_CD_2', '2000', '2000', '200.00', '2000', '2000', '2000', '200.00', '2000', 'TEST_LESSEE_MARK_CD_2', 'TEST_MARK_CD_2', 'TEST_MARK_OWNER_CTGRY_CD_2', '2000', 'TEST_RANK_2', '200.00', 'TEST_STNCL_MARK_OWNER_CLASS_CD_2');
INSERT INTO EQPMNT_POOL_ASGNMN (AAR_EQPMNT_POOL_ID, CAR_KIND_CD, CPR_EQPMNT_POOL_ID, DIM_EQUIPMENT_ID, END_AAR_CAR_CD, EQPMNT_ID, EQPMNT_POOL_ID, EQPUN_NBR, HRSPWR_QTY, ID, LESSEE_MARK_CD, MARK_CD, MARK_OWNER_CTGRY_CD, MAXDIM_EQUIPMENT_ID, RANK, START_AAR_CAR_CD, STNCL_MARK_OWNER_CLASS_CD) VALUES ('3000', 'TEST_CAR_KIND_CD_3', '3000', '3000', '300.00', '3000', '3000', '3000', '300.00', '3000', 'TEST_LESSEE_MARK_CD_3', 'TEST_MARK_CD_3', 'TEST_MARK_OWNER_CTGRY_CD_3', '3000', 'TEST_RANK_3', '300.00', 'TEST_STNCL_MARK_OWNER_CLASS_CD_3');

CREATE OR REPLACE TABLE CUST_ADRS (
  ADRS_NBR VARCHAR(500),
  CITY VARCHAR(500),
  CUST_NBR VARCHAR(500),
  NAME_1 VARCHAR(500),
  PO_CD VARCHAR(500),
  REGION_KEY VARCHAR(500),
  STRT_1 VARCHAR(500),
  STRT_2 VARCHAR(500),
  STRT_3 VARCHAR(500),
  VLD_FRM_DT VARCHAR(500)
);

INSERT INTO CUST_ADRS (ADRS_NBR, CITY, CUST_NBR, NAME_1, PO_CD, REGION_KEY, STRT_1, STRT_2, STRT_3, VLD_FRM_DT) VALUES ('1000', 'TEST_CITY_1', '1000', 'TEST_NAME_1_1', 'TEST_PO_CD_1', 'TEST_REGION_KEY_1', 'TEST_STRT_1_1', 'TEST_STRT_2_1', 'TEST_STRT_3_1', '20240101');
INSERT INTO CUST_ADRS (ADRS_NBR, CITY, CUST_NBR, NAME_1, PO_CD, REGION_KEY, STRT_1, STRT_2, STRT_3, VLD_FRM_DT) VALUES ('2000', 'TEST_CITY_2', '2000', 'TEST_NAME_1_2', 'TEST_PO_CD_2', 'TEST_REGION_KEY_2', 'TEST_STRT_1_2', 'TEST_STRT_2_2', 'TEST_STRT_3_2', '20240102');
INSERT INTO CUST_ADRS (ADRS_NBR, CITY, CUST_NBR, NAME_1, PO_CD, REGION_KEY, STRT_1, STRT_2, STRT_3, VLD_FRM_DT) VALUES ('3000', 'TEST_CITY_3', '3000', 'TEST_NAME_1_3', 'TEST_PO_CD_3', 'TEST_REGION_KEY_3', 'TEST_STRT_1_3', 'TEST_STRT_2_3', 'TEST_STRT_3_3', '20240103');

CREATE OR REPLACE TABLE CUST_MASTER (
  ADRS_NBR VARCHAR(500),
  ATTRIBUTE_9 VARCHAR(500),
  CENTRAL_ORDR_BLK VARCHAR(500),
  CUST_NBR VARCHAR(500)
);

INSERT INTO CUST_MASTER (ADRS_NBR, ATTRIBUTE_9, CENTRAL_ORDR_BLK, CUST_NBR) VALUES ('1000', 'TEST_ATTRIBUTE_9_1', 'TEST_CENTRAL_ORDR_BLK_1', '1000');
INSERT INTO CUST_MASTER (ADRS_NBR, ATTRIBUTE_9, CENTRAL_ORDR_BLK, CUST_NBR) VALUES ('2000', 'TEST_ATTRIBUTE_9_2', 'TEST_CENTRAL_ORDR_BLK_2', '2000');
INSERT INTO CUST_MASTER (ADRS_NBR, ATTRIBUTE_9, CENTRAL_ORDR_BLK, CUST_NBR) VALUES ('3000', 'TEST_ATTRIBUTE_9_3', 'TEST_CENTRAL_ORDR_BLK_3', '3000');

CREATE OR REPLACE TABLE PTNR_FCTN (
  CUST_NBR VARCHAR(500),
  DIVISION VARCHAR(500),
  DSTRBTN_CHNL VARCHAR(500),
  PTNR_CUST_NBR VARCHAR(500),
  PTNR_FCTN_ID VARCHAR(500),
  SALES_ORG_ID VARCHAR(500)
);

INSERT INTO PTNR_FCTN (CUST_NBR, DIVISION, DSTRBTN_CHNL, PTNR_CUST_NBR, PTNR_FCTN_ID, SALES_ORG_ID) VALUES ('1000', 'TEST_DIVISION_1', 'TEST_DSTRBTN_CHNL_1', '1000', '1000', '1000');
INSERT INTO PTNR_FCTN (CUST_NBR, DIVISION, DSTRBTN_CHNL, PTNR_CUST_NBR, PTNR_FCTN_ID, SALES_ORG_ID) VALUES ('2000', 'TEST_DIVISION_2', 'TEST_DSTRBTN_CHNL_2', '2000', '2000', '2000');
INSERT INTO PTNR_FCTN (CUST_NBR, DIVISION, DSTRBTN_CHNL, PTNR_CUST_NBR, PTNR_FCTN_ID, SALES_ORG_ID) VALUES ('3000', 'TEST_DIVISION_3', 'TEST_DSTRBTN_CHNL_3', '3000', '3000', '3000');

CREATE OR REPLACE TABLE BUS_PTNR_IDS (
  BUS_ID_NBR VARCHAR(500),
  BUS_ID_TP VARCHAR(500),
  BUS_PTNR_NBR VARCHAR(500),
  ETL_LOAD_DT VARCHAR(500)
);

INSERT INTO BUS_PTNR_IDS (BUS_ID_NBR, BUS_ID_TP, BUS_PTNR_NBR, ETL_LOAD_DT) VALUES ('1000', '1000', '1000', '20240101');
INSERT INTO BUS_PTNR_IDS (BUS_ID_NBR, BUS_ID_TP, BUS_PTNR_NBR, ETL_LOAD_DT) VALUES ('2000', '2000', '2000', '20240102');
INSERT INTO BUS_PTNR_IDS (BUS_ID_NBR, BUS_ID_TP, BUS_PTNR_NBR, ETL_LOAD_DT) VALUES ('3000', '3000', '3000', '20240103');

CREATE OR REPLACE TABLE XML_MD_MATERIAL_ATTR_TXT (
  XML_CONTENT VARCHAR(500)
);

INSERT INTO XML_MD_MATERIAL_ATTR_TXT (XML_CONTENT) VALUES ('<root><item>test1</item></root>');
INSERT INTO XML_MD_MATERIAL_ATTR_TXT (XML_CONTENT) VALUES ('<root><item>test2</item></root>');
INSERT INTO XML_MD_MATERIAL_ATTR_TXT (XML_CONTENT) VALUES ('<root><item>test3</item></root>');

CREATE OR REPLACE TABLE FINANCE_GLOBAL_APPTIO_GB_Z1_APPT (
  ACCOUNTINGDOCUMENTNUMBER VARCHAR(500),
  ACCOUNTNUMOFVENDORORCREDITOR VARCHAR(500),
  AMOUNTINDOCUMENTCURRENCY VARCHAR(500),
  AMOUNTINLOCALCURRENCY VARCHAR(500),
  COMPANYCODE VARCHAR(500),
  COSTCENTER VARCHAR(500),
  CURRENCYKEY VARCHAR(500),
  DEBITCREDITINDICATOR VARCHAR(500),
  DOCUMENTTYPE VARCHAR(500),
  FISCALPERIOD VARCHAR(500),
  FISCALYEAR VARCHAR(500),
  GBSOURCE VARCHAR(500),
  GLACCOUNTLONGNAME VARCHAR(500),
  GLACCOUNTNUMBER VARCHAR(500),
  INVOICE_REFERENCE VARCHAR(500),
  ITEMTEXT VARCHAR(500),
  LOCALCURRENCY VARCHAR(500),
  NUMOFLINEITEMWITHINACCOUNTDOC VARCHAR(500),
  POSTINGDATEINTHEDOCUMENT VARCHAR(500),
  PROJECTDEFINITION VARCHAR(500),
  PURCHASINGDOCUMENTNUMBER VARCHAR(500),
  SOURCE_DESC_LONG VARCHAR(500),
  SUPPLIERFULLNAME VARCHAR(500),
  WBS VARCHAR(500)
);

INSERT INTO FINANCE_GLOBAL_APPTIO_GB_Z1_APPT (ACCOUNTINGDOCUMENTNUMBER, ACCOUNTNUMOFVENDORORCREDITOR, AMOUNTINDOCUMENTCURRENCY, AMOUNTINLOCALCURRENCY, COMPANYCODE, COSTCENTER, CURRENCYKEY, DEBITCREDITINDICATOR, DOCUMENTTYPE, FISCALPERIOD, FISCALYEAR, GBSOURCE, GLACCOUNTLONGNAME, GLACCOUNTNUMBER, INVOICE_REFERENCE, ITEMTEXT, LOCALCURRENCY, NUMOFLINEITEMWITHINACCOUNTDOC, POSTINGDATEINTHEDOCUMENT, PROJECTDEFINITION, PURCHASINGDOCUMENTNUMBER, SOURCE_DESC_LONG, SUPPLIERFULLNAME, WBS) VALUES ('1000', '1000', '100.00', '100.00', 'TEST_COMPANYCODE_1', '100.00', 'TEST_CURRENCYKEY_1', 'TEST_DEBITCREDITINDICATOR_1', 'TEST_DOCUMENTTYPE_1', 'TEST_FISCALPERIOD_1', 'TEST_FISCALYEAR_1', 'TEST_GBSOURCE_1', 'TEST_GLACCOUNTLONGNAME_1', '1000', 'TEST_INVOICE_REFERENCE_1', 'TEST_ITEMTEXT_1', 'TEST_LOCALCURRENCY_1', '1000', '20240101', 'TEST_PROJECTDEFINITION_1', '1000', 'TEST_SOURCE_DESC_LONG_1', 'TEST_SUPPLIERFULLNAME_1', 'TEST_WBS_1');
INSERT INTO FINANCE_GLOBAL_APPTIO_GB_Z1_APPT (ACCOUNTINGDOCUMENTNUMBER, ACCOUNTNUMOFVENDORORCREDITOR, AMOUNTINDOCUMENTCURRENCY, AMOUNTINLOCALCURRENCY, COMPANYCODE, COSTCENTER, CURRENCYKEY, DEBITCREDITINDICATOR, DOCUMENTTYPE, FISCALPERIOD, FISCALYEAR, GBSOURCE, GLACCOUNTLONGNAME, GLACCOUNTNUMBER, INVOICE_REFERENCE, ITEMTEXT, LOCALCURRENCY, NUMOFLINEITEMWITHINACCOUNTDOC, POSTINGDATEINTHEDOCUMENT, PROJECTDEFINITION, PURCHASINGDOCUMENTNUMBER, SOURCE_DESC_LONG, SUPPLIERFULLNAME, WBS) VALUES ('2000', '2000', '200.00', '200.00', 'TEST_COMPANYCODE_2', '200.00', 'TEST_CURRENCYKEY_2', 'TEST_DEBITCREDITINDICATOR_2', 'TEST_DOCUMENTTYPE_2', 'TEST_FISCALPERIOD_2', 'TEST_FISCALYEAR_2', 'TEST_GBSOURCE_2', 'TEST_GLACCOUNTLONGNAME_2', '2000', 'TEST_INVOICE_REFERENCE_2', 'TEST_ITEMTEXT_2', 'TEST_LOCALCURRENCY_2', '2000', '20240102', 'TEST_PROJECTDEFINITION_2', '2000', 'TEST_SOURCE_DESC_LONG_2', 'TEST_SUPPLIERFULLNAME_2', 'TEST_WBS_2');
INSERT INTO FINANCE_GLOBAL_APPTIO_GB_Z1_APPT (ACCOUNTINGDOCUMENTNUMBER, ACCOUNTNUMOFVENDORORCREDITOR, AMOUNTINDOCUMENTCURRENCY, AMOUNTINLOCALCURRENCY, COMPANYCODE, COSTCENTER, CURRENCYKEY, DEBITCREDITINDICATOR, DOCUMENTTYPE, FISCALPERIOD, FISCALYEAR, GBSOURCE, GLACCOUNTLONGNAME, GLACCOUNTNUMBER, INVOICE_REFERENCE, ITEMTEXT, LOCALCURRENCY, NUMOFLINEITEMWITHINACCOUNTDOC, POSTINGDATEINTHEDOCUMENT, PROJECTDEFINITION, PURCHASINGDOCUMENTNUMBER, SOURCE_DESC_LONG, SUPPLIERFULLNAME, WBS) VALUES ('3000', '3000', '300.00', '300.00', 'TEST_COMPANYCODE_3', '300.00', 'TEST_CURRENCYKEY_3', 'TEST_DEBITCREDITINDICATOR_3', 'TEST_DOCUMENTTYPE_3', 'TEST_FISCALPERIOD_3', 'TEST_FISCALYEAR_3', 'TEST_GBSOURCE_3', 'TEST_GLACCOUNTLONGNAME_3', '3000', 'TEST_INVOICE_REFERENCE_3', 'TEST_ITEMTEXT_3', 'TEST_LOCALCURRENCY_3', '3000', '20240103', 'TEST_PROJECTDEFINITION_3', '3000', 'TEST_SOURCE_DESC_LONG_3', 'TEST_SUPPLIERFULLNAME_3', 'TEST_WBS_3');
